      TEMPLATE 2025-4.0  SOFiSTiK AG - Educational-Version -                      Seite:    
      Übung1                                                             Datum:  9.07.25  
      exporting support forces for PLAXIS
 
            1001     0.000000000    17.500000000     0.000000000   0.000000
            1002     0.000000000     0.000000000     0.000000000   0.000000
            1003    17.500000000     0.000000000     0.000000000   0.000000
            1004    17.500000000    17.500000000     0.000000000   0.000000
            1007     0.000000000    14.000000000    -0.000000000   0.000000
            1008     3.500000000    14.000000000     0.000000000   0.000000
            1012     3.500000000    17.500000000     0.000000000   0.000000
            1107    10.500000000    14.000000000     0.000000000   0.000000
            1109    17.500000000    14.000000000     0.000000000   0.000000
            1111     3.500000000     7.000000000     0.000000000   0.000000
            1113    10.500000000     7.000000000     0.000000000   0.000000
            1115    17.500000000     7.000000000     0.000000000   0.000000
            1117    10.500000000     0.000000000     0.000000000   0.000000
            1119     3.500000000     0.000000000     0.000000000   0.000000
            1234     0.000000000    17.149999619    -0.000000000   0.000000
            1235     0.000000000    16.799999237    -0.000000000   0.000000
            1236     0.000000000    16.450000763    -0.000000000   0.000000
            1237     0.000000000    16.100000381    -0.000000000   0.000000
            1238     0.000000000    15.742138863    -0.000000000   0.000000
            1239     0.000000000    15.399999619    -0.000000000   0.000000
            1240     0.000000000    15.050000191    -0.000000000   0.000000
            1241     0.000000000    14.699999809    -0.000000000   0.000000
            1242     0.000000000    14.350000381    -0.000000000   0.000000
            1243     0.000000000    13.681818008    -0.000000000   0.000000
            1244     0.000000000    13.363636017    -0.000000000   0.000000
            1245     0.000000000    13.045454979    -0.000000000   0.000000
            1246     0.000000000    12.727272987    -0.000000000   0.000000
            1247     0.000000000    12.409090996    -0.000000000   0.000000
            1248     0.000000000    12.090909004    -0.000000000   0.000000
            1249     0.000000000    11.772727013    -0.000000000   0.000000
            1250     0.000000000    11.454545021    -0.000000000   0.000000
            1251     0.000000000    11.136363983    -0.000000000   0.000000
            1252     0.000000000    10.818181992    -0.000000000   0.000000
            1253     0.000000000    10.500000000    -0.000000000   0.000000
            1254     0.000000000    10.181818008    -0.000000000   0.000000
            1255     0.000000000     9.863636017    -0.000000000   0.000000
            1256     0.000000000     9.545454979    -0.000000000   0.000000
            1257     0.000000000     9.227272987    -0.000000000   0.000000
            1258     0.000000000     8.909090996    -0.000000000   0.000000
            1259     0.000000000     8.590909004    -0.000000000   0.000000
            1260     0.000000000     8.272727013    -0.000000000   0.000000
            1261     0.000000000     7.954545498    -0.000000000   0.000000
            1262     0.000000000     7.636363506    -0.000000000   0.000000
            1263     0.000000000     7.318181992    -0.000000000   0.000000
            1264     0.000000000     7.000000000    -0.000000000   0.000000
            1265     0.000000000     6.734035015    -0.000000000   0.000000
            1266     0.000000000     6.468070030    -0.000000000   0.000000
            1267     0.000000000     6.183060646    -0.000000000   0.000000
            1268     0.000000000     5.898051262    -0.000000000   0.000000
            1269     0.000000000     5.555472374    -0.000000000   0.000000
            1270     0.000000000     5.212893486    -0.000000000   0.000000
            1271     0.000000000     4.870315075    -0.000000000   0.000000
            1272     0.000000000     4.527736187    -0.000000000   0.000000
            1273     0.000000000     4.173853874    -0.000000000   0.000000
            1274     0.000000000     3.842578650    -0.000000000   0.000000
            1275     0.000000000     3.500000000    -0.000000000   0.000000
            1276     0.000000000     3.157421350    -0.000000000   0.000000
            1277     0.000000000     2.814842463    -0.000000000   0.000000
            1278     0.000000000     2.472263813    -0.000000000   0.000000
            1279     0.000000000     2.129685163    -0.000000000   0.000000
            1280     0.000000000     1.787106276    -0.000000000   0.000000
            1281     0.000000000     1.444527626    -0.000000000   0.000000
            1282     0.000000000     1.101948857    -0.000000000   0.000000
            1283     0.000000000     0.816939414    -0.000000000   0.000000
            1284     0.000000000     0.531929970    -0.000000000   0.000000
            1285     0.000000000     0.265964985    -0.000000000   0.000000
            1286     0.349999994     0.000000000     0.000000000   0.000000
            1287     0.699999988     0.000000000     0.000000000   0.000000
            1288     1.049999952     0.000000000     0.000000000   0.000000
            1289     1.399999976     0.000000000     0.000000000   0.000000
            1290     1.750000000     0.000000000     0.000000000   0.000000
            1291     2.099999905     0.000000000     0.000000000   0.000000
            1292     2.450000048     0.000000000     0.000000000   0.000000
            1293     2.799999952     0.000000000     0.000000000   0.000000
            1294     3.150000095     0.000000000     0.000000000   0.000000
            1295     3.765964985     0.000000000     0.000000000   0.000000
            1296     4.031929970     0.000000000     0.000000000   0.000000
            1297     4.356637955     0.000000000     0.000000000   0.000000
            1298     4.601948738     0.000000000     0.000000000   0.000000
            1299     4.944527626     0.000000000     0.000000000   0.000000
            1300     5.287106514     0.000000000     0.000000000   0.000000
            1301     5.629684925     0.000000000     0.000000000   0.000000
            1302     5.972263813     0.000000000     0.000000000   0.000000
            1303     6.314842701     0.000000000     0.000000000   0.000000
            1304     6.657421112     0.000000000     0.000000000   0.000000
            1305     7.000000000     0.000000000     0.000000000   0.000000
            1306     7.342578888     0.000000000     0.000000000   0.000000
            1307     7.685157299     0.000000000     0.000000000   0.000000
            1308     8.027736664     0.000000000     0.000000000   0.000000
            1309     8.370314598     0.000000000     0.000000000   0.000000
            1310     8.712893486     0.000000000     0.000000000   0.000000
            1311     9.055472374     0.000000000     0.000000000   0.000000
            1312     9.398051262     0.000000000     0.000000000   0.000000
            1313     9.688039780     0.000000000     0.000000000   0.000000
            1314     9.968070030     0.000000000     0.000000000   0.000000
            1315    10.234035492     0.000000000     0.000000000   0.000000
            1316    17.181818008     0.000000000     0.000000000   0.000000
            1317    16.863636017     0.000000000     0.000000000   0.000000
            1318    16.545454025     0.000000000     0.000000000   0.000000
            1319    16.227272034     0.000000000     0.000000000   0.000000
            1320    15.909090996     0.000000000     0.000000000   0.000000
            1321    15.590909004     0.000000000     0.000000000   0.000000
            1322    15.272727013     0.000000000     0.000000000   0.000000
            1323    14.954545021     0.000000000     0.000000000   0.000000
            1324    14.584084511     0.000000000     0.000000000   0.000000
            1325    14.318181992     0.000000000     0.000000000   0.000000
            1326    14.072537422     0.000000000     0.000000000   0.000000
            1327    13.681818008     0.000000000     0.000000000   0.000000
            1328    13.361162186     0.000000000     0.000000000   0.000000
            1329    13.045454979     0.000000000     0.000000000   0.000000
            1330    12.727272987     0.000000000     0.000000000   0.000000
            1331    12.409090996     0.000000000     0.000000000   0.000000
            1332    12.069132805     0.000000000     0.000000000   0.000000
            1333    11.772727013     0.000000000     0.000000000   0.000000
            1334    11.454545021     0.000000000     0.000000000   0.000000
            1335    11.136363983     0.000000000     0.000000000   0.000000
            1336    10.818181992     0.000000000     0.000000000   0.000000
            1337    17.500000000     0.265964985     0.000000000   0.000000
            1338    17.500000000     0.531929970     0.000000000   0.000000
            1339    17.500000000     0.820638239     0.000000000   0.000000
            1340    17.500000000     1.101948857     0.000000000   0.000000
            1341    17.500000000     1.444527626     0.000000000   0.000000
            1342    17.500000000     1.787106276     0.000000000   0.000000
            1343    17.500000000     2.129685163     0.000000000   0.000000
            1344    17.500000000     2.472263813     0.000000000   0.000000
            1345    17.500000000     2.790374756     0.000000000   0.000000
            1346    17.500000000     3.157421350     0.000000000   0.000000
            1347    17.500000000     3.523543596     0.000000000   0.000000
            1348    17.500000000     3.842578650     0.000000000   0.000000
            1349    17.500000000     4.185157299     0.000000000   0.000000
            1350    17.500000000     4.527736187     0.000000000   0.000000
            1351    17.500000000     4.870315075     0.000000000   0.000000
            1352    17.500000000     5.212893486     0.000000000   0.000000
            1353    17.500000000     5.555472374     0.000000000   0.000000
            1354    17.500000000     5.898051262     0.000000000   0.000000
            1355    17.500000000     6.178359509     0.000000000   0.000000
            1356    17.500000000     6.468070030     0.000000000   0.000000
            1357    17.500000000     6.734035015     0.000000000   0.000000
            1358    17.500000000     7.318181992     0.000000000   0.000000
            1359    17.500000000     7.636363506     0.000000000   0.000000
            1360    17.500000000     7.954545498     0.000000000   0.000000
            1361    17.500000000     8.272727013     0.000000000   0.000000
            1362    17.500000000     8.590909004     0.000000000   0.000000
            1363    17.500000000     8.909090996     0.000000000   0.000000
            1364    17.500000000     9.227272987     0.000000000   0.000000
            1365    17.500000000     9.545454979     0.000000000   0.000000
            1366    17.500000000     9.863636017     0.000000000   0.000000
            1367    17.500000000    10.181818008     0.000000000   0.000000
            1368    17.500000000    10.500000000     0.000000000   0.000000
            1369    17.500000000    10.818181992     0.000000000   0.000000
            1370    17.500000000    11.136363983     0.000000000   0.000000
            1371    17.500000000    11.454545021     0.000000000   0.000000
            1372    17.500000000    11.772727013     0.000000000   0.000000
            1373    17.500000000    12.090909004     0.000000000   0.000000
            1374    17.500000000    12.409090996     0.000000000   0.000000
            1375    17.500000000    12.727272987     0.000000000   0.000000
            1376    17.500000000    13.045454979     0.000000000   0.000000
            1377    17.500000000    13.363636017     0.000000000   0.000000
            1378    17.500000000    13.681818008     0.000000000   0.000000
            1379    17.500000000    17.149999619     0.000000000   0.000000
            1380    17.500000000    16.799999237     0.000000000   0.000000
            1381    17.500000000    16.450000763     0.000000000   0.000000
            1382    17.500000000    16.100000381     0.000000000   0.000000
            1383    17.500000000    15.750000000     0.000000000   0.000000
            1384    17.500000000    15.399999619     0.000000000   0.000000
            1385    17.500000000    15.050000191     0.000000000   0.000000
            1386    17.500000000    14.699999809     0.000000000   0.000000
            1387    17.500000000    14.350000381     0.000000000   0.000000
            1388    17.181818008    17.500000000     0.000000000   0.000000
            1389    16.863636017    17.500000000     0.000000000   0.000000
            1390    16.516609192    17.500000000     0.000000000   0.000000
            1391    16.227272034    17.500000000     0.000000000   0.000000
            1392    15.909090996    17.500000000     0.000000000   0.000000
            1393    15.590909004    17.500000000     0.000000000   0.000000
            1394    15.272727013    17.500000000     0.000000000   0.000000
            1395    14.954545021    17.500000000     0.000000000   0.000000
            1396    14.636363983    17.500000000     0.000000000   0.000000
            1397    14.318181992    17.500000000     0.000000000   0.000000
            1398    14.000000000    17.500000000     0.000000000   0.000000
            1399    13.681818008    17.500000000     0.000000000   0.000000
            1400    13.363636017    17.500000000     0.000000000   0.000000
            1401    13.045454979    17.500000000     0.000000000   0.000000
            1402    12.727272987    17.500000000     0.000000000   0.000000
            1403    12.409090996    17.500000000     0.000000000   0.000000
            1404    12.090909004    17.500000000     0.000000000   0.000000
            1405    11.772727013    17.500000000     0.000000000   0.000000
            1406    11.454545021    17.500000000     0.000000000   0.000000
            1407    11.136363983    17.500000000     0.000000000   0.000000
            1408    10.818181992    17.500000000     0.000000000   0.000000
            1409    10.500000000    17.500000000     0.000000000   0.000000
            1410    10.181818008    17.500000000     0.000000000   0.000000
            1411     9.863636017    17.500000000     0.000000000   0.000000
            1412     9.545454979    17.500000000     0.000000000   0.000000
            1413     9.227272987    17.500000000     0.000000000   0.000000
            1414     8.909090996    17.500000000     0.000000000   0.000000
            1415     8.590909004    17.500000000     0.000000000   0.000000
            1416     8.272727013    17.500000000     0.000000000   0.000000
            1417     7.954545498    17.500000000     0.000000000   0.000000
            1418     7.636363506    17.500000000     0.000000000   0.000000
            1419     7.318181992    17.500000000     0.000000000   0.000000
            1420     7.000000000    17.500000000     0.000000000   0.000000
            1421     6.681818008    17.500000000     0.000000000   0.000000
            1422     6.363636494    17.500000000     0.000000000   0.000000
            1423     6.045454502    17.500000000     0.000000000   0.000000
            1424     5.727272511    17.500000000     0.000000000   0.000000
            1425     5.409090996    17.500000000     0.000000000   0.000000
            1426     5.122607231    17.500000000     0.000000000   0.000000
            1427     4.772727489    17.500000000     0.000000000   0.000000
            1428     4.431921005    17.500000000     0.000000000   0.000000
            1429     4.136363506    17.500000000     0.000000000   0.000000
            1430     3.818181753    17.500000000     0.000000000   0.000000
            1431     3.150000095    17.500000000     0.000000000   0.000000
            1432     2.799999952    17.500000000     0.000000000   0.000000
            1433     2.450000048    17.500000000     0.000000000   0.000000
            1434     2.099999905    17.500000000     0.000000000   0.000000
            1435     1.750000000    17.500000000     0.000000000   0.000000
            1436     1.399999976    17.500000000     0.000000000   0.000000
            1437     1.049999952    17.500000000     0.000000000   0.000000
            1438     0.699999988    17.500000000     0.000000000   0.000000
            1439     0.349999994    17.500000000     0.000000000   0.000000
            1452     0.349999994    14.000000000    -0.000000000   0.000000
            1453     0.699999988    14.000000000    -0.000000000   0.000000
            1454     1.049999952    14.000000000    -0.000000000   0.000000
            1455     1.399999976    14.000000000    -0.000000000   0.000000
            1456     1.750000000    14.000000000    -0.000000000   0.000000
            1457     2.099999905    14.000000000    -0.000000000   0.000000
            1458     2.450000048    14.000000000    -0.000000000   0.000000
            1459     2.799999952    14.000000000    -0.000000000   0.000000
            1460     3.150000095    14.000000000    -0.000000000   0.000000
            1473     3.500000000    14.350000381     0.000000000   0.000000
            1474     3.500000000    14.699999809     0.000000000   0.000000
            1475     3.500000000    15.050000191     0.000000000   0.000000
            1476     3.500000000    15.399999619     0.000000000   0.000000
            1477     3.500000000    15.759961128     0.000000000   0.000000
            1478     3.500000000    16.100000381     0.000000000   0.000000
            1479     3.500000000    16.450000763     0.000000000   0.000000
            1480     3.500000000    16.799999237     0.000000000   0.000000
            1481     3.500000000    17.149999619     0.000000000   0.000000
            2444     0.659232974     6.971187115     0.000000000   0.000000
            2445     1.406611562     7.047076702     0.000000000   0.000000
            2446     2.160772085     6.974530697     0.000000000   0.000000
            2447     2.945143223     7.104175568     0.000000000   0.000000
            2448    10.512812614    16.859048843     0.000000000   0.000000
            2449    10.452942848    16.140373230     0.000000000   0.000000
            2450    10.449082375    15.410068512     0.000000000   0.000000
            2451    10.450211525    14.677900314     0.000000000   0.000000
            2452    16.874456406     6.964234352     0.000000000   0.000000
            2453    16.277311325     6.976917744     0.000000000   0.000000
            2454    15.667559624     6.899826050     0.000000000   0.000000
            2455    14.935971260     7.048382759     0.000000000   0.000000
            2456    14.334852219     7.073824406     0.000000000   0.000000
            2457    13.785385132     7.009219646     0.000000000   0.000000
            2458    13.254320145     6.994446278     0.000000000   0.000000
            2459    12.417733192     7.004772186     0.000000000   0.000000
            2460    11.790203094     7.025802612     0.000000000   0.000000
            2461    11.141846657     6.951506138     0.000000000   0.000000
            2462     0.707280874    16.629806519     0.000000000   0.000000
            2463     1.285455704    16.015869141     0.000000000   0.000000
            2464     1.749448895    15.634823799     0.000000000   0.000000
            2465     2.237403154    15.416596413     0.000000000   0.000000
            2466     2.815350294    14.861009598     0.000000000   0.000000
            2467     2.838618994    15.787014008     0.000000000   0.000000
            2468     2.851071119    16.685945511     0.000000000   0.000000
            2469     2.164484501    16.245626450     0.000000000   0.000000
            2470     1.702567220    16.172475815     0.000000000   0.000000
            2471     2.240823269    16.844213486     0.000000000   0.000000
            2472     1.534180760    16.731376648     0.000000000   0.000000
            2473     0.648052156    15.821093559     0.000000000   0.000000
            2474     0.509111881    15.058451653     0.000000000   0.000000
            2475     0.954319596    15.236681938     0.000000000   0.000000
            2476     1.354399800    15.658406258     0.000000000   0.000000
            2477     0.598693311    14.559775352     0.000000000   0.000000
            2478     1.994216204    14.749600410     0.000000000   0.000000
            2479     1.425483584    15.040363312     0.000000000   0.000000
            2480     0.910731792    14.707444191     0.000000000   0.000000
            2481     1.214610100    14.538496017     0.000000000   0.000000
            2482     9.879929543     7.085526466     0.000000000   0.000000
            2483     9.269886017     7.163694859     0.000000000   0.000000
            2484     8.554729462     6.832075119     0.000000000   0.000000
            2485     8.006247520     7.036015034     0.000000000   0.000000
            2486     7.373318672     6.977041721     0.000000000   0.000000
            2487     6.715459824     7.170406342     0.000000000   0.000000
            2488     6.013484478     7.145059109     0.000000000   0.000000
            2489     5.387360573     7.011737347     0.000000000   0.000000
            2490     4.743982315     7.032250404     0.000000000   0.000000
            2491     4.041977406     7.157645702     0.000000000   0.000000
            2492    16.321229935     6.461584568     0.000000000   0.000000
            2493    15.786596298     6.099454403     0.000000000   0.000000
            2494    15.516980171     5.420661449     0.000000000   0.000000
            2495    15.273841858     4.995172501     0.000000000   0.000000
            2496    14.713116646     4.801156521     0.000000000   0.000000
            2497    14.223128319     4.339571953     0.000000000   0.000000
            2498    13.746111870     3.960946083     0.000000000   0.000000
            2499    13.380324364     3.479548931     0.000000000   0.000000
            2500    13.063969612     3.071809769     0.000000000   0.000000
            2501    12.636991501     2.621696472     0.000000000   0.000000
            2502    12.274395943     2.238206625     0.000000000   0.000000
            2503    11.830060005     1.620363474     0.000000000   0.000000
            2504    11.160424232     1.235122204     0.000000000   0.000000
            2505    11.119371414     0.573143363     0.000000000   0.000000
            2506    14.245061874     3.530026913     0.000000000   0.000000
            2507    14.724530220     3.062710047     0.000000000   0.000000
            2508    15.166036606     2.497576952     0.000000000   0.000000
            2509    15.904497147     2.220066547     0.000000000   0.000000
            2510    16.102718353     1.711446285     0.000000000   0.000000
            2511    16.458202362     1.260810018     0.000000000   0.000000
            2512    16.928956985     0.814176202     0.000000000   0.000000
            2513    16.992834091     2.148782015     0.000000000   0.000000
            2514    16.449150085     2.563647747     0.000000000   0.000000
            2515    15.863642693     2.944799662     0.000000000   0.000000
            2516    15.353859901     3.536341906     0.000000000   0.000000
            2517    14.772493362     3.933494091     0.000000000   0.000000
            2518    16.570510864     1.951789498     0.000000000   0.000000
            2519    16.907674789     1.499987125     0.000000000   0.000000
            2520    16.979925156     3.547520638     0.000000000   0.000000
            2521    16.617088318     4.032170296     0.000000000   0.000000
            2522    15.874542236     4.221222401     0.000000000   0.000000
            2523    15.614628792     4.762742996     0.000000000   0.000000
            2524    14.733208656     4.355366230     0.000000000   0.000000
            2525    16.650173187     3.125134468     0.000000000   0.000000
            2526    17.030914307     3.130484104     0.000000000   0.000000
            2527    17.021793365     2.696450710     0.000000000   0.000000
            2528    16.238389969     3.590968370     0.000000000   0.000000
            2529    15.197329521     4.385207653     0.000000000   0.000000
            2530    16.256652832     5.772226810     0.000000000   0.000000
            2531    16.866693497     5.345087051     0.000000000   0.000000
            2532    17.019186020     4.767050743     0.000000000   0.000000
            2533    16.868526459     6.143142223     0.000000000   0.000000
            2534    16.149538040     5.162047386     0.000000000   0.000000
            2535    16.470962524     4.606655121     0.000000000   0.000000
            2536    17.014402390     4.242208481     0.000000000   0.000000
            2537    13.829876900     3.001671791     0.000000000   0.000000
            2538    14.252477646     2.460690975     0.000000000   0.000000
            2539    14.611631393     1.861670256     0.000000000   0.000000
            2540    14.954865456     1.258678317     0.000000000   0.000000
            2541    15.423751831     0.759268641     0.000000000   0.000000
            2542    15.870309830     0.461016297     0.000000000   0.000000
            2543    15.409954071     1.834106445     0.000000000   0.000000
            2544    15.734066010     1.299947023     0.000000000   0.000000
            2545    16.106716156     0.888486028     0.000000000   0.000000
            2546    16.469793320     0.862240613     0.000000000   0.000000
            2547    16.349802017     0.494729787     0.000000000   0.000000
            2548    13.293311119     2.472471714     0.000000000   0.000000
            2549    13.780718803     1.948487163     0.000000000   0.000000
            2550    13.925222397     1.241240621     0.000000000   0.000000
            2551    14.395400047     0.584843516     0.000000000   0.000000
            2552    12.479755402     1.523542762     0.000000000   0.000000
            2553    12.835659027     0.948333025     0.000000000   0.000000
            2554    13.403218269     0.572316051     0.000000000   0.000000
            2555    13.249410629     1.587175846     0.000000000   0.000000
            2556    12.801931381     1.974444747     0.000000000   0.000000
            2557    11.966609001     0.709030390     0.000000000   0.000000
            2558     0.722559452     0.588789821     0.000000000   0.000000
            2559     0.758214772     1.178220153     0.000000000   0.000000
            2560     0.823893070     1.747663736     0.000000000   0.000000
            2561     0.875247538     2.324801445     0.000000000   0.000000
            2562     1.069912314     2.932456017     0.000000000   0.000000
            2563     1.195074439     3.538896799     0.000000000   0.000000
            2564     1.263310909     4.119603157     0.000000000   0.000000
            2565     1.271341085     4.691059113     0.000000000   0.000000
            2566     1.366975546     5.240283966     0.000000000   0.000000
            2567     1.387730241     5.803072929     0.000000000   0.000000
            2568     1.315347433     6.392714024     0.000000000   0.000000
            2569     0.420374572     5.661352634     0.000000000   0.000000
            2570     0.959894538     5.548510551     0.000000000   0.000000
            2571     0.675049782     6.149038315     0.000000000   0.000000
            2572     0.618437171     4.147573471     0.000000000   0.000000
            2573     0.667188466     5.021812439     0.000000000   0.000000
            2574     0.560313463     2.892941952     0.000000000   0.000000
            2575     0.594163895     3.404026747     0.000000000   0.000000
            2576     1.433923483     0.625217855     0.000000000   0.000000
            2577     1.489836931     1.228067160     0.000000000   0.000000
            2578     1.548416615     1.831035495     0.000000000   0.000000
            2579     1.622810841     2.435920000     0.000000000   0.000000
            2580     1.738498330     3.055895329     0.000000000   0.000000
            2581     1.838045239     3.688844442     0.000000000   0.000000
            2582     1.847586155     4.383353233     0.000000000   0.000000
            2583     1.940013051     5.057154179     0.000000000   0.000000
            2584     1.989843011     5.695795536     0.000000000   0.000000
            2585     2.018157959     6.338120937     0.000000000   0.000000
            2586     2.139860392     0.657211244     0.000000000   0.000000
            2587     2.181730509     1.298265576     0.000000000   0.000000
            2588     2.247292995     1.921718240     0.000000000   0.000000
            2589     2.332508326     2.544774294     0.000000000   0.000000
            2590     2.422792196     3.180817127     0.000000000   0.000000
            2591     2.488645077     3.832439184     0.000000000   0.000000
            2592     2.532056570     4.482715607     0.000000000   0.000000
            2593     2.577914000     5.120375633     0.000000000   0.000000
            2594     2.628901005     5.756395340     0.000000000   0.000000
            2595     2.725619793     6.380010128     0.000000000   0.000000
            2596     2.818362951     0.690919399     0.000000000   0.000000
            2597     2.805392504     1.334493876     0.000000000   0.000000
            2598     2.941897631     1.985343456     0.000000000   0.000000
            2599     2.969987392     2.628271580     0.000000000   0.000000
            2600     3.075983286     3.267424107     0.000000000   0.000000
            2601     3.128194332     3.931472301     0.000000000   0.000000
            2602     3.163261890     4.584412098     0.000000000   0.000000
            2603     3.195895910     5.217445850     0.000000000   0.000000
            2604     3.241408348     5.808269024     0.000000000   0.000000
            2605     3.427611113     6.439162731     0.000000000   0.000000
            2606     4.370577335     0.374404788     0.000000000   0.000000
            2607     4.942066193     0.744814634     0.000000000   0.000000
            2608     5.609685421     1.209817410     0.000000000   0.000000
            2609     5.985597134     1.777730584     0.000000000   0.000000
            2610     6.575394154     2.259413481     0.000000000   0.000000
            2611     6.752837181     2.907639980     0.000000000   0.000000
            2612     7.042091370     3.338202715     0.000000000   0.000000
            2613     7.538586617     3.746065140     0.000000000   0.000000
            2614     7.987167835     4.203768253     0.000000000   0.000000
            2615     8.355477333     4.677461624     0.000000000   0.000000
            2616     8.675494194     5.226198196     0.000000000   0.000000
            2617     9.235832214     5.538141727     0.000000000   0.000000
            2618     9.791400909     5.867589474     0.000000000   0.000000
            2619    10.198401451     6.447684765     0.000000000   0.000000
            2620     9.656530380     6.593699932     0.000000000   0.000000
            2621     9.102885246     6.392072678     0.000000000   0.000000
            2622     8.755527496     5.781216145     0.000000000   0.000000
            2623     8.168936729     6.235399723     0.000000000   0.000000
            2624     8.137613297     5.463049412     0.000000000   0.000000
            2625     7.451022625     6.361360073     0.000000000   0.000000
            2626     7.512873173     5.691694736     0.000000000   0.000000
            2627     7.543170452     5.032315254     0.000000000   0.000000
            2628     7.529031754     4.415798664     0.000000000   0.000000
            2629     6.757273197     6.404801369     0.000000000   0.000000
            2630     7.004083633     5.844917297     0.000000000   0.000000
            2631     6.811122894     5.361826897     0.000000000   0.000000
            2632     6.884884834     4.633171082     0.000000000   0.000000
            2633     6.919237614     3.984928608     0.000000000   0.000000
            2634     6.106885910     6.540238380     0.000000000   0.000000
            2635     6.039359570     5.989394665     0.000000000   0.000000
            2636     6.115282536     5.440762997     0.000000000   0.000000
            2637     6.207915306     4.820575237     0.000000000   0.000000
            2638     6.269998550     4.156177044     0.000000000   0.000000
            2639     6.306648254     3.508282185     0.000000000   0.000000
            2640     6.241438866     2.834374428     0.000000000   0.000000
            2641     6.469924450     5.940585613     0.000000000   0.000000
            2642     5.495377064     6.298717022     0.000000000   0.000000
            2643     5.481622219     5.618166447     0.000000000   0.000000
            2644     5.554594040     4.997933865     0.000000000   0.000000
            2645     5.620615959     4.361977577     0.000000000   0.000000
            2646     5.671997547     3.718600035     0.000000000   0.000000
            2647     5.688457966     3.101030588     0.000000000   0.000000
            2648     5.780808449     2.478205204     0.000000000   0.000000
            2649     4.799747944     6.420578957     0.000000000   0.000000
            2650     4.861697197     5.783840179     0.000000000   0.000000
            2651     4.914585590     5.152215481     0.000000000   0.000000
            2652     4.963729382     4.527081013     0.000000000   0.000000
            2653     5.007775307     3.897343397     0.000000000   0.000000
            2654     5.059251308     3.260929585     0.000000000   0.000000
            2655     5.094238758     2.577378750     0.000000000   0.000000
            2656     5.237150192     1.925611615     0.000000000   0.000000
            2657     4.132230759     6.524355412     0.000000000   0.000000
            2658     4.249649525     5.946881771     0.000000000   0.000000
            2659     4.304934025     5.345074177     0.000000000   0.000000
            2660     4.327095509     4.729393959     0.000000000   0.000000
            2661     4.348308563     4.100555897     0.000000000   0.000000
            2662     4.362193108     3.449856520     0.000000000   0.000000
            2663     4.332092285     2.849366903     0.000000000   0.000000
            2664     4.624352455     2.120773792     0.000000000   0.000000
            2665     4.354566574     1.591702819     0.000000000   0.000000
            2666     4.257194042     1.023350000     0.000000000   0.000000
            2667     4.970193863     1.402689695     0.000000000   0.000000
            2668     3.817958832     1.348095179     0.000000000   0.000000
            2669     3.341423035     1.160344601     0.000000000   0.000000
            2670     3.626000166     0.605638266     0.000000000   0.000000
            2671     4.088984966     2.380444527     0.000000000   0.000000
            2672     3.509738207     2.368853092     0.000000000   0.000000
            2673     3.602718830     1.818460464     0.000000000   0.000000
            2674     3.277656078     1.623572707     0.000000000   0.000000
            2675     3.982944489     1.947228551     0.000000000   0.000000
            2676     3.728956938     3.696641445     0.000000000   0.000000
            2677     3.682292938     3.022255659     0.000000000   0.000000
            2678     3.754779100     4.993448734     0.000000000   0.000000
            2679     3.749755621     4.364589691     0.000000000   0.000000
            2680     3.791715384     6.053510666     0.000000000   0.000000
            2681     3.764863491     5.597993851     0.000000000   0.000000
            2682     5.671904564     0.614427388     0.000000000   0.000000
            2683     6.325255394     0.779290080     0.000000000   0.000000
            2684     6.735432148     1.392261267     0.000000000   0.000000
            2685     7.271315575     1.923600912     0.000000000   0.000000
            2686     7.477348804     2.468328953     0.000000000   0.000000
            2687     7.964826584     2.605673552     0.000000000   0.000000
            2688     8.362090111     3.181961775     0.000000000   0.000000
            2689     8.905188560     3.431778193     0.000000000   0.000000
            2690     9.361931801     4.050406456     0.000000000   0.000000
            2691     9.597205162     4.646609306     0.000000000   0.000000
            2692     9.944283485     5.085404396     0.000000000   0.000000
            2693    10.675846100     5.679078579     0.000000000   0.000000
            2694    10.945545197     6.328576088     0.000000000   0.000000
            2695    11.519543648     6.720403194     0.000000000   0.000000
            2696     7.059132576     2.615817070     0.000000000   0.000000
            2697     7.431687832     2.929485798     0.000000000   0.000000
            2698     8.081304550     3.705157995     0.000000000   0.000000
            2699     7.809905052     3.152791023     0.000000000   0.000000
            2700     8.588543892     3.945443392     0.000000000   0.000000
            2701     9.158218384     4.901504517     0.000000000   0.000000
            2702     7.129635334     0.616016567     0.000000000   0.000000
            2703     7.380319595     1.114659548     0.000000000   0.000000
            2704     7.859033585     1.429391742     0.000000000   0.000000
            2705     8.335154533     1.799418092     0.000000000   0.000000
            2706     8.641168594     2.382455826     0.000000000   0.000000
            2707     9.222991943     2.753323317     0.000000000   0.000000
            2708     9.759136200     3.124087572     0.000000000   0.000000
            2709    10.122137070     3.820406675     0.000000000   0.000000
            2710    10.423016548     4.245576859     0.000000000   0.000000
            2711    11.044688225     4.397228718     0.000000000   0.000000
            2712    11.357626915     5.025453568     0.000000000   0.000000
            2713    11.539222717     5.677733421     0.000000000   0.000000
            2714    12.223349571     6.036350250     0.000000000   0.000000
            2715    12.731689453     6.473818302     0.000000000   0.000000
            2716     7.934363365     2.105546713     0.000000000   0.000000
            2717     9.960469246     4.489425659     0.000000000   0.000000
            2718    10.620338440     4.892137051     0.000000000   0.000000
            2719    11.578696251     6.294339657     0.000000000   0.000000
            2720    12.029425621     6.557889462     0.000000000   0.000000
            2721     8.412346840     0.537625134     0.000000000   0.000000
            2722     8.939865112     0.703111947     0.000000000   0.000000
            2723     9.377037048     1.233918428     0.000000000   0.000000
            2724     9.863774300     1.559375048     0.000000000   0.000000
            2725    10.118442535     2.338516474     0.000000000   0.000000
            2726    10.704255104     2.572228909     0.000000000   0.000000
            2727    11.156416893     2.973277092     0.000000000   0.000000
            2728    11.610725403     3.554494381     0.000000000   0.000000
            2729    12.126729012     3.774461746     0.000000000   0.000000
            2730    12.355965614     4.407821178     0.000000000   0.000000
            2731    12.867915154     4.855646133     0.000000000   0.000000
            2732    13.313495636     5.268955708     0.000000000   0.000000
            2733    13.737729073     5.698700428     0.000000000   0.000000
            2734    14.147975922     6.093350887     0.000000000   0.000000
            2735    14.557778358     6.454569340     0.000000000   0.000000
            2736    13.776665688     6.519791126     0.000000000   0.000000
            2737     7.767150879     0.682232141     0.000000000   0.000000
            2738     8.661040306     1.307244658     0.000000000   0.000000
            2739     8.261303902     0.946744382     0.000000000   0.000000
            2740     9.472618103     2.058897734     0.000000000   0.000000
            2741     9.005351067     1.723013759     0.000000000   0.000000
            2742    10.481979370     3.232654572     0.000000000   0.000000
            2743    10.932231903     3.853958368     0.000000000   0.000000
            2744    11.606741905     4.382842064     0.000000000   0.000000
            2745    12.065463066     5.154987812     0.000000000   0.000000
            2746    12.711785316     5.558882713     0.000000000   0.000000
            2747    13.249550819     6.086857319     0.000000000   0.000000
            2748     9.708640099     0.576416612     0.000000000   0.000000
            2749    10.073682785     1.052186012     0.000000000   0.000000
            2750    10.430225372     1.647290707     0.000000000   0.000000
            2751    10.971025467     1.939623356     0.000000000   0.000000
            2752    11.482419014     2.358477831     0.000000000   0.000000
            2753    11.931191444     2.824810743     0.000000000   0.000000
            2754    12.442066193     3.245415688     0.000000000   0.000000
            2755    12.810609818     3.814505100     0.000000000   0.000000
            2756    13.185372353     4.293259621     0.000000000   0.000000
            2757    13.629100800     4.727320671     0.000000000   0.000000
            2758    14.091556549     5.159180641     0.000000000   0.000000
            2759    14.414951324     5.638516426     0.000000000   0.000000
            2760    14.724502563     6.001778603     0.000000000   0.000000
            2761    15.111094475     6.545314312     0.000000000   0.000000
            2762    15.157637596     5.969772339     0.000000000   0.000000
            2763    14.887598991     5.411876678     0.000000000   0.000000
            2764    10.550432205     1.006020665     0.000000000   0.000000
            2765    10.436035156     0.519874096     0.000000000   0.000000
            2766    11.124817848    14.104813576     0.000000000   0.000000
            2767    11.780486107    14.029948235     0.000000000   0.000000
            2768    12.383923531    14.062623978     0.000000000   0.000000
            2769    13.052975655    13.926656723     0.000000000   0.000000
            2770    13.716897011    13.933918953     0.000000000   0.000000
            2771    14.439342499    14.066103935     0.000000000   0.000000
            2772    15.014940262    14.050838470     0.000000000   0.000000
            2773    15.660285950    13.882050514     0.000000000   0.000000
            2774    16.151218414    14.057501793     0.000000000   0.000000
            2775    16.849210739    14.138797760     0.000000000   0.000000
            2776    16.539030075    16.945974350     0.000000000   0.000000
            2777    15.788075447    16.598798752     0.000000000   0.000000
            2778    15.475314140    15.857659340     0.000000000   0.000000
            2779    15.089724541    15.372312546     0.000000000   0.000000
            2780    14.590322495    15.057122231     0.000000000   0.000000
            2781    14.089940071    14.671390533     0.000000000   0.000000
            2782    16.736833572    16.236780167     0.000000000   0.000000
            2783    16.158445358    15.836791992     0.000000000   0.000000
            2784    16.815946579    15.578879356     0.000000000   0.000000
            2785    15.710982323    15.264963150     0.000000000   0.000000
            2786    16.192445755    15.127204895     0.000000000   0.000000
            2787    16.809156418    14.920405388     0.000000000   0.000000
            2788    14.805743217    14.575919151     0.000000000   0.000000
            2789    15.468173027    14.645620346     0.000000000   0.000000
            2790    16.239515305    14.530890465     0.000000000   0.000000
            2791    15.074876785    16.847114563     0.000000000   0.000000
            2792    14.738088608    16.552911758     0.000000000   0.000000
            2793    14.443164825    16.248184204     0.000000000   0.000000
            2794    14.199760437    15.621052742     0.000000000   0.000000
            2795    13.753233910    15.241045952     0.000000000   0.000000
            2796    13.387402534    14.679308891     0.000000000   0.000000
            2797    12.922291756    14.444384575     0.000000000   0.000000
            2798    15.019319534    16.249214172     0.000000000   0.000000
            2799    14.695611000    15.829685211     0.000000000   0.000000
            2800    13.807662010    16.889678955     0.000000000   0.000000
            2801    13.326612473    16.454580307     0.000000000   0.000000
            2802    12.911146164    16.106044769     0.000000000   0.000000
            2803    12.468211174    15.634313583     0.000000000   0.000000
            2804    12.076180458    15.073531151     0.000000000   0.000000
            2805    11.846461296    14.606706619     0.000000000   0.000000
            2806    14.393918991    16.826318741     0.000000000   0.000000
            2807    13.769666672    16.129930496     0.000000000   0.000000
            2808    13.269962311    15.540561676     0.000000000   0.000000
            2809    12.446723938    14.604412079     0.000000000   0.000000
            2810    12.733046532    15.072234154     0.000000000   0.000000
            2811    13.249582291    16.962663651     0.000000000   0.000000
            2812    12.687401772    16.856821060     0.000000000   0.000000
            2813    12.030405998    16.857452393     0.000000000   0.000000
            2814    12.245699883    16.226406097     0.000000000   0.000000
            2815    11.306841850    16.820522308     0.000000000   0.000000
            2816    11.617480278    16.160556793     0.000000000   0.000000
            2817    11.830219269    15.548257828     0.000000000   0.000000
            2818    10.955005646    16.268854141     0.000000000   0.000000
            2819    11.222739220    14.977109909     0.000000000   0.000000
            2820    11.064371109    15.758381844     0.000000000   0.000000
            2821     4.001979828    13.814889908     0.000000000   0.000000
            2822     4.592202187    14.099774361     0.000000000   0.000000
            2823     5.267975807    13.874206543     0.000000000   0.000000
            2824     6.000798225    13.933007240     0.000000000   0.000000
            2825     6.678421021    14.074191093     0.000000000   0.000000
            2826     7.322910309    14.077151299     0.000000000   0.000000
            2827     7.955703735    13.978776932     0.000000000   0.000000
            2828     8.626340866    13.948503494     0.000000000   0.000000
            2829     9.258980751    13.930927277     0.000000000   0.000000
            2830     9.888777733    13.950552940     0.000000000   0.000000
            2831     4.311572075    14.989505768     0.000000000   0.000000
            2832     5.119171619    15.120290756     0.000000000   0.000000
            2833     5.731460571    15.346716881     0.000000000   0.000000
            2834     6.403153896    15.431256294     0.000000000   0.000000
            2835     7.003438950    15.798036575     0.000000000   0.000000
            2836     7.435452938    15.976519585     0.000000000   0.000000
            2837     8.173501015    15.937531471     0.000000000   0.000000
            2838     8.642551422    16.338329315     0.000000000   0.000000
            2839     9.162802696    16.170417786     0.000000000   0.000000
            2840     9.718797684    16.690551758     0.000000000   0.000000
            2841     4.699915886    15.586066246     0.000000000   0.000000
            2842     4.075773716    15.887764931     0.000000000   0.000000
            2843     5.283379078    15.732475281     0.000000000   0.000000
            2844     4.858561993    16.282810211     0.000000000   0.000000
            2845     4.251677036    16.661361694     0.000000000   0.000000
            2846     8.942769051    16.862630844     0.000000000   0.000000
            2847     7.748880386    16.972978592     0.000000000   0.000000
            2848     7.756487370    16.391956329     0.000000000   0.000000
            2849     8.231860161    16.580114365     0.000000000   0.000000
            2850     8.331427574    17.006891251     0.000000000   0.000000
            2851     6.582475662    16.900911331     0.000000000   0.000000
            2852     6.493763924    16.198833466     0.000000000   0.000000
            2853     7.174975872    16.475822449     0.000000000   0.000000
            2854     7.155816555    16.995195389     0.000000000   0.000000
            2855     5.235011101    16.925596237     0.000000000   0.000000
            2856     5.444212437    16.210393906     0.000000000   0.000000
            2857     5.909280777    16.706937790     0.000000000   0.000000
            2858     5.890042305    15.948287010     0.000000000   0.000000
            2859     9.745527267    15.873794556     0.000000000   0.000000
            2860     8.718469620    15.706220627     0.000000000   0.000000
            2861     9.171288490    15.470687866     0.000000000   0.000000
            2862     9.766750336    15.132649422     0.000000000   0.000000
            2863     4.131205559    14.383284569     0.000000000   0.000000
            2864     4.972356319    14.513108253     0.000000000   0.000000
            2865     5.748542786    14.623918533     0.000000000   0.000000
            2866     6.442859173    14.725034714     0.000000000   0.000000
            2867     7.136655807    14.676852226     0.000000000   0.000000
            2868     7.004590988    15.279395103     0.000000000   0.000000
            2869     7.817708492    14.626966476     0.000000000   0.000000
            2870     7.701316357    15.351966858     0.000000000   0.000000
            2871     8.514092445    14.548108101     0.000000000   0.000000
            2872     8.480046272    15.156816483     0.000000000   0.000000
            2873     9.714876175    14.522416115     0.000000000   0.000000
            2874     9.118329048    14.455659866     0.000000000   0.000000
            2875     9.110929489    14.970533371     0.000000000   0.000000
            2876     0.699319363     7.700113773     0.000000000   0.000000
            2877     0.702552378     8.389678001     0.000000000   0.000000
            2878     0.694900036     9.036031723     0.000000000   0.000000
            2879     0.680369496     9.648719788     0.000000000   0.000000
            2880     0.696719289    10.224691391     0.000000000   0.000000
            2881     0.748676181    10.745161057     0.000000000   0.000000
            2882     0.710923731    11.301898003     0.000000000   0.000000
            2883     0.696717918    11.934631348     0.000000000   0.000000
            2884     0.737542748    12.585534096     0.000000000   0.000000
            2885     0.730324507    13.235310555     0.000000000   0.000000
            2886     0.361452371    12.319970131     0.000000000   0.000000
            2887     1.417821050     7.808115005     0.000000000   0.000000
            2888     1.413661361     8.507531166     0.000000000   0.000000
            2889     1.403589368     9.180792809     0.000000000   0.000000
            2890     1.359395027     9.759430885     0.000000000   0.000000
            2891     1.406843066    10.265398979     0.000000000   0.000000
            2892     1.422624111    10.821864128     0.000000000   0.000000
            2893     1.388821125    11.407721519     0.000000000   0.000000
            2894     1.398108959    12.020454407     0.000000000   0.000000
            2895     1.438348413    12.671210289     0.000000000   0.000000
            2896     1.457975864    13.357081413     0.000000000   0.000000
            2897     2.157275915     7.673901081     0.000000000   0.000000
            2898     2.133540869     8.407793045     0.000000000   0.000000
            2899     2.138647079     9.090924263     0.000000000   0.000000
            2900     2.120936632     9.765102386     0.000000000   0.000000
            2901     2.061413765    10.334913254     0.000000000   0.000000
            2902     2.069741011    10.956186295     0.000000000   0.000000
            2903     1.992357612    11.537075043     0.000000000   0.000000
            2904     2.128499269    12.126097679     0.000000000   0.000000
            2905     2.106817245    12.782356262     0.000000000   0.000000
            2906     2.177248001    13.397354126     0.000000000   0.000000
            2907    11.650119781    13.475510597     0.000000000   0.000000
            2908    12.150516510    12.959682465     0.000000000   0.000000
            2909    12.568427086    12.364117622     0.000000000   0.000000
            2910    13.182883263    11.887741089     0.000000000   0.000000
            2911    13.527199745    11.388210297     0.000000000   0.000000
            2912    13.910895348    11.002869606     0.000000000   0.000000
            2913    14.213335037    10.581512451     0.000000000   0.000000
            2914    14.589185715    10.177627563     0.000000000   0.000000
            2915    15.018396378     9.803702354     0.000000000   0.000000
            2916    15.490653992     9.439417839     0.000000000   0.000000
            2917    16.039579391     9.140243530     0.000000000   0.000000
            2918    16.412172318     8.636996269     0.000000000   0.000000
            2919    16.897737503     8.302954674     0.000000000   0.000000
            2920    17.069274902     9.407937050     0.000000000   0.000000
            2921    16.746519089     9.650902748     0.000000000   0.000000
            2922    16.311790466    10.265072823     0.000000000   0.000000
            2923    15.853905678    10.640767097     0.000000000   0.000000
            2924    15.327111244    10.947976112     0.000000000   0.000000
            2925    14.933238029    11.416768074     0.000000000   0.000000
            2926    14.615377426    11.766157150     0.000000000   0.000000
            2927    14.225023270    12.226009369     0.000000000   0.000000
            2928    13.752708435    12.655870438     0.000000000   0.000000
            2929    13.263813019    13.188494682     0.000000000   0.000000
            2930    12.731813431    13.527830124     0.000000000   0.000000
            2931    12.728364944    13.039170265     0.000000000   0.000000
            2932    12.265703201    13.510838509     0.000000000   0.000000
            2933    13.721047401    12.098336220     0.000000000   0.000000
            2934    13.195620537    12.532495499     0.000000000   0.000000
            2935    14.444516182    11.206689835     0.000000000   0.000000
            2936    14.089271545    11.662750244     0.000000000   0.000000
            2937    15.223660469    10.371545792     0.000000000   0.000000
            2938    14.769923210    10.744987488     0.000000000   0.000000
            2939    16.133888245     9.734188080     0.000000000   0.000000
            2940    15.653260231    10.033723831     0.000000000   0.000000
            2941    16.869369507     8.911170959     0.000000000   0.000000
            2942    16.519926071     9.236454964     0.000000000   0.000000
            2943    14.387968063    13.379920006     0.000000000   0.000000
            2944    14.893982887    12.805442810     0.000000000   0.000000
            2945    15.409702301    12.421135902     0.000000000   0.000000
            2946    15.866350174    11.945218086     0.000000000   0.000000
            2947    16.270055771    11.305794716     0.000000000   0.000000
            2948    16.697431564    11.011545181     0.000000000   0.000000
            2949    16.991809845    10.721275330     0.000000000   0.000000
            2950    16.981603622    11.341736794     0.000000000   0.000000
            2951    16.078327179    13.426887512     0.000000000   0.000000
            2952    16.491916656    12.979022980     0.000000000   0.000000
            2953    16.887378693    12.570752144     0.000000000   0.000000
            2954    16.927570343    13.236110687     0.000000000   0.000000
            2955    17.098966599    13.560071945     0.000000000   0.000000
            2956    16.533426285    13.672531128     0.000000000   0.000000
            2957    15.071811676    13.495749474     0.000000000   0.000000
            2958    15.667524338    13.016464233     0.000000000   0.000000
            2959    16.156955719    12.479459763     0.000000000   0.000000
            2960    16.709941864    11.985366821     0.000000000   0.000000
            2961    16.900600433    10.160392761     0.000000000   0.000000
            2962    16.516839981    10.687156677     0.000000000   0.000000
            2963    15.622630119    11.445931435     0.000000000   0.000000
            2964    14.751935959    12.224001884     0.000000000   0.000000
            2965    15.211338997    11.857520103     0.000000000   0.000000
            2966    13.846006393    13.238207817     0.000000000   0.000000
            2967    14.324279785    12.762184143     0.000000000   0.000000
            2968     2.880479813     7.849443436     0.000000000   0.000000
            2969     2.855246782     8.547748566     0.000000000   0.000000
            2970     2.888226986     9.225034714     0.000000000   0.000000
            2971     2.963765860     9.943557739     0.000000000   0.000000
            2972     3.203249216    10.623021126     0.000000000   0.000000
            2973     3.344960690    11.215235710     0.000000000   0.000000
            2974     3.262704849    12.017573357     0.000000000   0.000000
            2975     3.279534340    12.471065521     0.000000000   0.000000
            2976     3.358528614    12.840721130     0.000000000   0.000000
            2977     3.494582176    13.395525932     0.000000000   0.000000
            2978     2.551539660    10.431517601     0.000000000   0.000000
            2979     2.668604374    11.588824272     0.000000000   0.000000
            2980     2.663289785    10.947132111     0.000000000   0.000000
            2981     2.779715300    12.553182602     0.000000000   0.000000
            2982     2.803047657    13.277933121     0.000000000   0.000000
            2983    11.029209137    13.430363655     0.000000000   0.000000
            2984    11.533905983    12.857783318     0.000000000   0.000000
            2985    12.055293083    12.515317917     0.000000000   0.000000
            2986    12.077780724    12.019338608     0.000000000   0.000000
            2987    12.544853210    11.581364632     0.000000000   0.000000
            2988    12.926815033    11.018619537     0.000000000   0.000000
            2989    13.371994019    10.537185669     0.000000000   0.000000
            2990    13.805291176    10.013136864     0.000000000   0.000000
            2991    14.265545845     9.541497231     0.000000000   0.000000
            2992    14.754025459     9.183242798     0.000000000   0.000000
            2993    15.250419617     8.806618690     0.000000000   0.000000
            2994    15.493107796     8.356070518     0.000000000   0.000000
            2995    16.017950058     8.206318855     0.000000000   0.000000
            2996    16.640434265     7.646996975     0.000000000   0.000000
            2997    15.776900291     8.748507500     0.000000000   0.000000
            2998     9.805951118    13.484612465     0.000000000   0.000000
            2999     9.851737022    12.790879250     0.000000000   0.000000
            3000    10.372529984    12.252339363     0.000000000   0.000000
            3001    11.069253922    11.981186867     0.000000000   0.000000
            3002    11.443476677    11.650526047     0.000000000   0.000000
            3003    11.739835739    11.121355057     0.000000000   0.000000
            3004    12.192256927    11.024977684     0.000000000   0.000000
            3005    12.392862320    10.364645004     0.000000000   0.000000
            3006    12.951454163     9.861658096     0.000000000   0.000000
            3007    13.392869949     9.352529526     0.000000000   0.000000
            3008    13.886599541     8.772761345     0.000000000   0.000000
            3009    14.144024849     8.098469734     0.000000000   0.000000
            3010    14.717732430     7.761656761     0.000000000   0.000000
            3011    15.262269020     7.442572594     0.000000000   0.000000
            3012    10.386590004    13.262000084     0.000000000   0.000000
            3013    10.925338745    12.702370644     0.000000000   0.000000
            3014    11.610170364    12.210577011     0.000000000   0.000000
            3015    11.938543320    11.615746498     0.000000000   0.000000
            3016    14.659308434     8.530222893     0.000000000   0.000000
            3017    15.149613380     8.123637199     0.000000000   0.000000
            3018    15.633127213     7.815024376     0.000000000   0.000000
            3019    16.025632858     7.431435585     0.000000000   0.000000
            3020     8.539684296    13.414239883     0.000000000   0.000000
            3021     8.606053352    12.959095955     0.000000000   0.000000
            3022     9.039336205    12.683224678     0.000000000   0.000000
            3023     9.436796188    12.169913292     0.000000000   0.000000
            3024     9.842127800    11.643527031     0.000000000   0.000000
            3025    10.215288162    11.140807152     0.000000000   0.000000
            3026    10.606899261    10.751818657     0.000000000   0.000000
            3027    11.081498146    10.526630402     0.000000000   0.000000
            3028    11.402543068     9.817912102     0.000000000   0.000000
            3029    12.080445290     9.374767303     0.000000000   0.000000
            3030    12.769623756     9.153012276     0.000000000   0.000000
            3031    12.929188728     8.465525627     0.000000000   0.000000
            3032    13.412196159     7.892481804     0.000000000   0.000000
            3033    13.843511581     7.466718197     0.000000000   0.000000
            3034     9.248931885    13.286357880     0.000000000   0.000000
            3035    10.639389992    11.573949814     0.000000000   0.000000
            3036    11.125046730    11.150207520     0.000000000   0.000000
            3037    11.667541504    10.530381203     0.000000000   0.000000
            3038     6.984103680    13.538277626     0.000000000   0.000000
            3039     7.248873711    13.003052711     0.000000000   0.000000
            3040     7.578967094    12.530663490     0.000000000   0.000000
            3041     8.173217773    12.577388763     0.000000000   0.000000
            3042     8.280268669    12.046055794     0.000000000   0.000000
            3043     8.801694870    11.769960403     0.000000000   0.000000
            3044     9.228741646    11.183631897     0.000000000   0.000000
            3045     9.651598930    10.657708168     0.000000000   0.000000
            3046    10.116655350    10.234777451     0.000000000   0.000000
            3047    10.412535667     9.616633415     0.000000000   0.000000
            3048    10.794278145     9.283880234     0.000000000   0.000000
            3049    11.279488564     8.817720413     0.000000000   0.000000
            3050    11.699267387     8.259670258     0.000000000   0.000000
            3051    12.321097374     7.971381664     0.000000000   0.000000
            3052    12.800620079     7.532523632     0.000000000   0.000000
            3053     7.884955406    13.264692307     0.000000000   0.000000
            3054     7.433944702    13.614748955     0.000000000   0.000000
            3055     8.734653473    12.345958710     0.000000000   0.000000
            3056    10.725280762    10.028179169     0.000000000   0.000000
            3057    12.196022034     8.688817024     0.000000000   0.000000
            3058     5.649274826    13.379361153     0.000000000   0.000000
            3059     6.006596088    12.904844284     0.000000000   0.000000
            3060     6.657161713    12.687629700     0.000000000   0.000000
            3061     6.985614777    12.113151550     0.000000000   0.000000
            3062     7.419743061    11.512674332     0.000000000   0.000000
            3063     7.831005573    10.969305992     0.000000000   0.000000
            3064     8.258728981    10.468633652     0.000000000   0.000000
            3065     8.648786545     9.996397972     0.000000000   0.000000
            3066     9.217753410    10.009455681     0.000000000   0.000000
            3067     9.764246941     9.492740631     0.000000000   0.000000
            3068    10.129422188     8.942003250     0.000000000   0.000000
            3069    10.470013618     8.398867607     0.000000000   0.000000
            3070    10.912034988     7.779082775     0.000000000   0.000000
            3071    11.451545715     7.420838356     0.000000000   0.000000
            3072     6.460661888    13.307231903     0.000000000   0.000000
            3073     7.877965927    11.909151077     0.000000000   0.000000
            3074     8.337078094    11.318256378     0.000000000   0.000000
            3075     8.816706657    10.723884583     0.000000000   0.000000
            3076    11.704214096     7.748862267     0.000000000   0.000000
            3077    12.065196991     7.467101574     0.000000000   0.000000
            3078     4.607886791    13.536043167     0.000000000   0.000000
            3079     5.073447227    13.039269447     0.000000000   0.000000
            3080     5.486304760    12.563943863     0.000000000   0.000000
            3081     5.719773769    12.003681183     0.000000000   0.000000
            3082     6.234122753    11.605448723     0.000000000   0.000000
            3083     6.731507301    11.131495476     0.000000000   0.000000
            3084     7.199351788    10.662363052     0.000000000   0.000000
            3085     7.546632290     9.945830345     0.000000000   0.000000
            3086     8.233992577     9.708515167     0.000000000   0.000000
            3087     8.416893005     9.174352646     0.000000000   0.000000
            3088     8.848060608     8.899041176     0.000000000   0.000000
            3089     8.989113808     8.335351944     0.000000000   0.000000
            3090     9.653639793     7.928193092     0.000000000   0.000000
            3091    10.152630806     7.594898224     0.000000000   0.000000
            3092     6.203199863    12.318500519     0.000000000   0.000000
            3093     8.871356964     9.503729820     0.000000000   0.000000
            3094     9.217569351     9.104854584     0.000000000   0.000000
            3095     9.567689896     8.642030716     0.000000000   0.000000
            3096     8.751079559     7.529430866     0.000000000   0.000000
            3097     8.120769501     7.876972675     0.000000000   0.000000
            3098     7.664906025     8.504910469     0.000000000   0.000000
            3099     7.198129654     8.966823578     0.000000000   0.000000
            3100     6.860815048     9.477651596     0.000000000   0.000000
            3101     6.327822685     9.917124748     0.000000000   0.000000
            3102     6.063405037    10.585268974     0.000000000   0.000000
            3103     5.513774395    11.071970940     0.000000000   0.000000
            3104     5.037497997    11.622418404     0.000000000   0.000000
            3105     4.483372688    11.719788551     0.000000000   0.000000
            3106     4.150880814    12.095273972     0.000000000   0.000000
            3107     3.718805313    12.508518219     0.000000000   0.000000
            3108     7.353921413     7.584252357     0.000000000   0.000000
            3109     6.970257282     8.092991829     0.000000000   0.000000
            3110     6.646539211     8.592747688     0.000000000   0.000000
            3111     6.214432716     8.781292915     0.000000000   0.000000
            3112     5.925468445     8.984642029     0.000000000   0.000000
            3113     5.560580730     9.415671349     0.000000000   0.000000
            3114     5.040313721     9.716835022     0.000000000   0.000000
            3115     4.837660313    10.269781113     0.000000000   0.000000
            3116     4.444797993    10.513037682     0.000000000   0.000000
            3117     3.946632624    10.889429092     0.000000000   0.000000
            3118     3.721779585    11.636696815     0.000000000   0.000000
            3119     6.380266666     7.784997940     0.000000000   0.000000
            3120     5.748106956     7.838558197     0.000000000   0.000000
            3121     5.322361946     8.291554451     0.000000000   0.000000
            3122     4.925240517     8.954524040     0.000000000   0.000000
            3123     4.343965530     9.248855591     0.000000000   0.000000
            3124     3.707458019     9.603693008     0.000000000   0.000000
            3125     3.772520065    10.238882065     0.000000000   0.000000
            3126     5.011017323     7.635373592     0.000000000   0.000000
            3127     4.825347424     8.283379555     0.000000000   0.000000
            3128     4.257649899     7.804832458     0.000000000   0.000000
            3129     3.570324659     8.849837303     0.000000000   0.000000
            3130     4.271143436     8.532657623     0.000000000   0.000000
            3131     3.592138529     8.049747467     0.000000000   0.000000
            3132     3.562243462     7.494668961     0.000000000   0.000000
            3133     6.271693230     8.265423775     0.000000000   0.000000
            3134     5.896720409     8.423049927     0.000000000   0.000000
            3135     5.494606018     8.794199944     0.000000000   0.000000
            3136     4.376914501     9.905720711     0.000000000   0.000000
            3137     6.523240566     9.092206955     0.000000000   0.000000
            3138     6.097437859     9.376868248     0.000000000   0.000000
            3139     5.708608150     9.897273064     0.000000000   0.000000
            3140     5.045556545    10.622247696     0.000000000   0.000000
            3141     5.419574261    10.241492271     0.000000000   0.000000
            3142     4.658309937    11.058342934     0.000000000   0.000000
            3143     4.194135189    11.410907745     0.000000000   0.000000
            3144     4.789210320    12.404194832     0.000000000   0.000000
            3145     4.150416851    12.982995033     0.000000000   0.000000
            3146     6.707303524    10.468255997     0.000000000   0.000000
            3147     6.844503880    10.134141922     0.000000000   0.000000
            3148     8.338265419     8.563935280     0.000000000   0.000000
            3149     7.788071156     9.161229134     0.000000000   0.000000
            3150     1.534066916    15.879718781     0.000000000   0.000000
            3151     1.397007465    16.353116989     0.000000000   0.000000
            3152     1.871459842    16.476680756     0.000000000   0.000000
            3153     1.986220837    15.961294174     0.000000000   0.000000
            3154     2.834956408    15.292523384     0.000000000   0.000000
            3155     2.436532021    14.833846092     0.000000000   0.000000
            3156     2.149670601    15.130834579     0.000000000   0.000000
            3157     2.499051809    15.569999695     0.000000000   0.000000
            3158     2.492465973    15.214816093     0.000000000   0.000000
            3159     3.203301430    15.551678658     0.000000000   0.000000
            3160     3.154709578    14.817054749     0.000000000   0.000000
            3161     3.162572861    15.202349663     0.000000000   0.000000
            3162     3.169656754    16.720142365     0.000000000   0.000000
            3163     2.830572367    17.087741852     0.000000000   0.000000
            3164     3.158411741    17.111900330     0.000000000   0.000000
            3165     0.707368433    17.053674698     0.000000000   0.000000
            3166     0.351322353    16.690292358     0.000000000   0.000000
            3167     0.357049644    17.093334198     0.000000000   0.000000
            3168     1.459648728    17.130496979     0.000000000   0.000000
            3169     1.099919200    16.681734085     0.000000000   0.000000
            3170     1.081237435    17.079374313     0.000000000   0.000000
            3171     2.806324482    14.452411652     0.000000000   0.000000
            3172     3.148647785    14.408669472     0.000000000   0.000000
            3173     2.052356005    14.369156837     0.000000000   0.000000
            3174     2.436510563    14.423123360     0.000000000   0.000000
            3175     1.910789371    16.858037949     0.000000000   0.000000
            3176     2.177981377    17.166053772     0.000000000   0.000000
            3177     1.824063182    17.160190582     0.000000000   0.000000
            3178     1.680298686    14.911840439     0.000000000   0.000000
            3179     1.589717150    15.299825668     0.000000000   0.000000
            3180     2.044962645    15.516586304     0.000000000   0.000000
            3181     1.855732560    15.204875946     0.000000000   0.000000
            3182     1.305014849    14.266326904     0.000000000   0.000000
            3183     1.581590891    14.582414627     0.000000000   0.000000
            3184     1.669937730    14.314988136     0.000000000   0.000000
            3185     0.285566270    14.611529350     0.000000000   0.000000
            3186     0.634894729    14.267800331     0.000000000   0.000000
            3187     0.313353390    14.304518700     0.000000000   0.000000
            3188     0.904600501    14.488878250     0.000000000   0.000000
            3189     0.967664480    14.260481834     0.000000000   0.000000
            3190     3.201502562    15.992838860     0.000000000   0.000000
            3191     2.853722811    16.275117874     0.000000000   0.000000
            3192     3.170474291    16.336544037     0.000000000   0.000000
            3193     0.692843914    15.141006470     0.000000000   0.000000
            3194     0.313338488    15.193285942     0.000000000   0.000000
            3195     0.348651588    15.574123383     0.000000000   0.000000
            3196     0.797332346    15.505525589     0.000000000   0.000000
            3197     0.529321730    15.365213394     0.000000000   0.000000
            3198     2.552921295    16.749908447     0.000000000   0.000000
            3199     2.509766579    17.126369476     0.000000000   0.000000
            3200     0.688547611    16.222471237     0.000000000   0.000000
            3201     0.302866638    15.969389915     0.000000000   0.000000
            3202     0.341595501    16.315109253     0.000000000   0.000000
            3203     2.478579521    16.048763275     0.000000000   0.000000
            3204     2.272323132    15.784317970     0.000000000   0.000000
            3205     1.239473104    15.777683258     0.000000000   0.000000
            3206     1.146797061    15.439012527     0.000000000   0.000000
            3207     0.997114360    15.939471245     0.000000000   0.000000
            3208     1.036781669    15.657074928     0.000000000   0.000000
            3209     0.518095374    14.840781212     0.000000000   0.000000
            3210     0.270962238    14.919871330     0.000000000   0.000000
            3211     1.200760365    15.126123428     0.000000000   0.000000
            3212     1.302270651    14.794988632     0.000000000   0.000000
            3213     1.051576376    14.695471764     0.000000000   0.000000
            3214     0.932590306    14.965305328     0.000000000   0.000000
            3215     1.118406653    14.893877029     0.000000000   0.000000
            3216     2.249379396    16.540269852     0.000000000   0.000000
            3217     2.546873331    16.383827209     0.000000000   0.000000
            3218     0.756305575    14.718290329     0.000000000   0.000000
            3219     0.733089328    14.906085968     0.000000000   0.000000
            3220     1.474310398    15.551763535     0.000000000   0.000000
            3221     1.352183938    15.356598854     0.000000000   0.000000
            3222     1.046927094    16.300867081     0.000000000   0.000000
            3223     3.288258314    15.764616013     0.000000000   0.000000
            3224     1.996077895    16.630495071     0.000000000   0.000000
            3225     0.220666885    15.753573418     0.000000000   0.000000
            3226     1.522641540    14.749855042     0.000000000   0.000000
            3227    14.035335541     6.781745911     0.000000000   0.000000
            3228    13.517963409     6.749272346     0.000000000   0.000000
            3229    13.553237915     7.229492664     0.000000000   0.000000
            3230    14.074870110     7.282378197     0.000000000   0.000000
            3231    14.499885559     4.133788109     0.000000000   0.000000
            3232    14.461901665     4.547100544     0.000000000   0.000000
            3233    14.955009460     4.558429718     0.000000000   0.000000
            3234    15.001429558     4.159741402     0.000000000   0.000000
            3235    16.806438446     3.340972662     0.000000000   0.000000
            3236    17.204002380     3.353364468     0.000000000   0.000000
            3237    17.228179932     2.944236279     0.000000000   0.000000
            3238    16.846981049     2.934346914     0.000000000   0.000000
            3239    16.277427673     1.079769254     0.000000000   0.000000
            3240    16.663763046     1.051635146     0.000000000   0.000000
            3241    16.618658066     0.630641937     0.000000000   0.000000
            3242    16.269315720     0.696355402     0.000000000   0.000000
            3243     9.232160568     4.513390541     0.000000000   0.000000
            3244     9.568346024     5.004406929     0.000000000   0.000000
            3245     9.965600967     4.758459568     0.000000000   0.000000
            3246     9.703494072     4.341277122     0.000000000   0.000000
            3247    15.068036079    16.543817520     0.000000000   0.000000
            3248    14.746705055    16.277940750     0.000000000   0.000000
            3249    14.414099693    16.518978119     0.000000000   0.000000
            3250    14.731079102    16.846996307     0.000000000   0.000000
            3251     0.718534529    12.243243217     0.000000000   0.000000
            3252     0.346804410    11.993412018     0.000000000   0.000000
            3253     0.374673396    12.626782417     0.000000000   0.000000
            3254    17.003980637    11.028877258     0.000000000   0.000000
            3255    16.737356186    10.689764023     0.000000000   0.000000
            3256    16.420131683    10.933455467     0.000000000   0.000000
            3257    16.668426514    11.308584213     0.000000000   0.000000
            3258     3.022377729    12.253411293     0.000000000   0.000000
            3259     3.115296364    12.704859734     0.000000000   0.000000
            3260     3.516145945    12.697904587     0.000000000   0.000000
            3261     3.502845049    12.255911827     0.000000000   0.000000
            3262    15.374903679     5.186984539     0.000000000   0.000000
            3263    15.030830383     4.908258915     0.000000000   0.000000
            3264    14.780883789     5.122663975     0.000000000   0.000000
            3265    15.196866035     5.419509888     0.000000000   0.000000
            3266    15.080552101     5.153901100     0.000000000   0.000000
            3267    15.037587166     5.671474934     0.000000000   0.000000
            3268    15.447809219     6.017445564     0.000000000   0.000000
            3269    15.644998550     5.726130486     0.000000000   0.000000
            3270    15.337281227     5.708959103     0.000000000   0.000000
            3271     9.560392380     3.556914568     0.000000000   0.000000
            3272     9.485733986     2.965169668     0.000000000   0.000000
            3273     9.075921059     3.111761808     0.000000000   0.000000
            3274     9.118896484     3.686543703     0.000000000   0.000000
            3275     9.313161850     3.361987114     0.000000000   0.000000
            3276     9.803367615     3.919470549     0.000000000   0.000000
            3277    10.254303932     3.559686422     0.000000000   0.000000
            3278    10.078595161     3.185500145     0.000000000   0.000000
            3279     9.903775215     3.563564301     0.000000000   0.000000
            3280    10.066693306     8.169121742     0.000000000   0.000000
            3281    10.693855286     8.115118027     0.000000000   0.000000
            3282    10.489906311     7.684628010     0.000000000   0.000000
            3283     9.951286316     7.726451874     0.000000000   0.000000
            3284    10.301532745     7.931078434     0.000000000   0.000000
            3285     9.619803429     8.314139366     0.000000000   0.000000
            3286     9.837186813     8.780527115     0.000000000   0.000000
            3287    10.292016029     8.671772957     0.000000000   0.000000
            3288     9.943335533     8.468141556     0.000000000   0.000000
            3289    10.725505829     7.371936321     0.000000000   0.000000
            3290    10.204468727     7.057196140     0.000000000   0.000000
            3291    10.042723656     7.368051529     0.000000000   0.000000
            3292    10.389255524     7.375010490     0.000000000   0.000000
            3293    11.227248192     7.599468231     0.000000000   0.000000
            3294    11.293884277     7.204945087     0.000000000   0.000000
            3295    10.844522476     7.002599239     0.000000000   0.000000
            3296    11.016351700     7.306406975     0.000000000   0.000000
            3297     9.484027863     9.730171204     0.000000000   0.000000
            3298     9.442731857    10.321294785     0.000000000   0.000000
            3299     9.868173599    10.428793907     0.000000000   0.000000
            3300     9.919495583     9.886392593     0.000000000   0.000000
            3301     9.671559334    10.075911522     0.000000000   0.000000
            3302    10.402806282    10.115633011     0.000000000   0.000000
            3303    10.539242744     9.804620743     0.000000000   0.000000
            3304    10.115061760     9.547023773     0.000000000   0.000000
            3305    10.220086098     9.834238052     0.000000000   0.000000
            3306    12.574290276    11.991507530     0.000000000   0.000000
            3307    12.223524094    11.612132072     0.000000000   0.000000
            3308    12.031943321    11.840595245     0.000000000   0.000000
            3309    12.296048164    12.151502609     0.000000000   0.000000
            3310    12.302979469    11.901020050     0.000000000   0.000000
            3311    12.905530930    12.453661919     0.000000000   0.000000
            3312    13.162625313    12.206105232     0.000000000   0.000000
            3313    12.876643181    11.754395485     0.000000000   0.000000
            3314    12.866948128    12.097938538     0.000000000   0.000000
            3315     7.948976517    13.629921913     0.000000000   0.000000
            3316     8.293137550    13.955323219     0.000000000   0.000000
            3317     8.589228630    13.678119659     0.000000000   0.000000
            3318     8.226110458    13.340835571     0.000000000   0.000000
            3319     8.254607201    13.644415855     0.000000000   0.000000
            3320     7.637053967    13.449419975     0.000000000   0.000000
            3321     7.409948826    13.807234764     0.000000000   0.000000
            3322     7.646026611    14.023410797     0.000000000   0.000000
            3323     7.678292274    13.715150833     0.000000000   0.000000
            3324    15.728314400     8.277586937     0.000000000   0.000000
            3325    15.393594742     8.531714439     0.000000000   0.000000
            3326    15.553176880     8.772350311     0.000000000   0.000000
            3327    15.892401695     8.515566826     0.000000000   0.000000
            3328    15.648580551     8.518553734     0.000000000   0.000000
            3329    15.878877640     8.904491425     0.000000000   0.000000
            3330    16.231830597     8.869273186     0.000000000   0.000000
            3331    16.247797012     8.417808533     0.000000000   0.000000
            3332    16.066104889     8.673360825     0.000000000   0.000000
            3333     9.553752899    13.400212288     0.000000000   0.000000
            3334    10.041369438    13.376888275     0.000000000   0.000000
            3335    10.103459358    13.016187668     0.000000000   0.000000
            3336     9.549776077    13.029963493     0.000000000   0.000000
            3337     9.802165031    13.204425812     0.000000000   0.000000
            3338     9.641106606    12.489635468     0.000000000   0.000000
            3339     9.253005981    12.435463905     0.000000000   0.000000
            3340     9.142967224    12.967791557     0.000000000   0.000000
            3341     9.397180557    12.741390228     0.000000000   0.000000
            3342     7.558011532    13.109698296     0.000000000   0.000000
            3343     7.114220142    13.282371521     0.000000000   0.000000
            3344     7.261250496    13.584860802     0.000000000   0.000000
            3345     7.404949188    13.346744537     0.000000000   0.000000
            3346     8.007116318    12.913606644     0.000000000   0.000000
            3347     7.855305195    12.573589325     0.000000000   0.000000
            3348     7.412652493    12.770134926     0.000000000   0.000000
            3349     7.716882706    12.853054047     0.000000000   0.000000
            3350    13.210026741    13.555353165     0.000000000   0.000000
            3351    13.004389763    13.120733261     0.000000000   0.000000
            3352    12.746038437    13.310725212     0.000000000   0.000000
            3353    12.877523422    13.711844444     0.000000000   0.000000
            3354    12.975623131    13.435930252     0.000000000   0.000000
            3355    13.404857635    13.938352585     0.000000000   0.000000
            3356    13.803686142    13.578286171     0.000000000   0.000000
            3357    13.563717842    13.220956802     0.000000000   0.000000
            3358    13.497920990    13.576020241     0.000000000   0.000000
            3359    12.576187134    14.823675156     0.000000000   0.000000
            3360    12.148456573    14.599761963     0.000000000   0.000000
            3361    11.957414627    14.863975525     0.000000000   0.000000
            3362    12.351560593    15.063608170     0.000000000   0.000000
            3363    12.267895699    14.836020470     0.000000000   0.000000
            3364    11.960479736    15.282988548     0.000000000   0.000000
            3365    12.157459259    15.604091644     0.000000000   0.000000
            3366    12.606759071    15.357690811     0.000000000   0.000000
            3367    12.282691002    15.325037003     0.000000000   0.000000
            3368     5.563752651    10.065330505     0.000000000   0.000000
            3369     5.629990101     9.683414459     0.000000000   0.000000
            3370     5.308750629     9.526391029     0.000000000   0.000000
            3371     5.233981609     9.999107361     0.000000000   0.000000
            3372     5.414930344     9.819790840     0.000000000   0.000000
            3373     4.921427250    10.027081490     0.000000000   0.000000
            3374     4.923906803    10.410288811     0.000000000   0.000000
            3375     5.225041389    10.433890343     0.000000000   0.000000
            3376     5.079859257    10.201258659     0.000000000   0.000000
            3377     7.627670765     1.279623032     0.000000000   0.000000
            3378     7.075679302     1.256142020     0.000000000   0.000000
            3379     6.979553699     1.653476477     0.000000000   0.000000
            3380     7.572454453     1.661389470     0.000000000   0.000000
            3381     7.315491676     1.473973036     0.000000000   0.000000
            3382     7.664641857     2.023684263     0.000000000   0.000000
            3383     8.120037079     1.973970652     0.000000000   0.000000
            3384     8.122582436     1.601128459     0.000000000   0.000000
            3385     7.859362125     1.810677052     0.000000000   0.000000
            3386     2.897111177     7.478073120     0.000000000   0.000000
            3387     3.239092588     7.974315166     0.000000000   0.000000
            3388     3.578458548     7.743369102     0.000000000   0.000000
            3389     3.305744171     7.347302914     0.000000000   0.000000
            3390     3.243239164     7.629364967     0.000000000   0.000000
            3391     3.764095306     7.366052628     0.000000000   0.000000
            3392     3.745178699     7.050248623     0.000000000   0.000000
            3393     3.258533478     7.005460739     0.000000000   0.000000
            3394     3.512008905     7.192819118     0.000000000   0.000000
            3395     8.783424377     6.603454590     0.000000000   0.000000
            3396     8.653642654     7.168059826     0.000000000   0.000000
            3397     9.007568359     7.327926636     0.000000000   0.000000
            3398     9.142644882     6.776237488     0.000000000   0.000000
            3399     8.897995949     6.951895237     0.000000000   0.000000
            3400     9.554147720     7.091562271     0.000000000   0.000000
            3401     9.736682892     6.807039261     0.000000000   0.000000
            3402     9.397627831     6.477978706     0.000000000   0.000000
            3403     9.433182716     6.776417255     0.000000000   0.000000
            3404     9.871922493     6.514822960     0.000000000   0.000000
            3405     9.999214172     6.182468414     0.000000000   0.000000
            3406     9.420071602     6.106757641     0.000000000   0.000000
            3407     9.651033401     6.305664062     0.000000000   0.000000
            3408     9.450786591     5.688392162     0.000000000   0.000000
            3409     9.015243530     5.645000458     0.000000000   0.000000
            3410     8.880873680     6.062739849     0.000000000   0.000000
            3411     9.193024635     5.893039227     0.000000000   0.000000
            3412     8.918691635    10.022983551     0.000000000   0.000000
            3413     8.476896286    10.237488747     0.000000000   0.000000
            3414     8.559893608    10.596210480     0.000000000   0.000000
            3415     9.030487061    10.383421898     0.000000000   0.000000
            3416     8.764733315    10.305531502     0.000000000   0.000000
            3417     9.018481255    10.927079201     0.000000000   0.000000
            3418     9.433292389    10.917590141     0.000000000   0.000000
            3419     9.229081154    10.622929573     0.000000000   0.000000
            3420     7.920204163     4.861756325     0.000000000   0.000000
            3421     7.535773277     5.352634430     0.000000000   0.000000
            3422     7.831616402     5.569471836     0.000000000   0.000000
            3423     8.217017174     5.090392113     0.000000000   0.000000
            3424     7.890322208     5.198075771     0.000000000   0.000000
            3425     8.144411087     4.386644840     0.000000000   0.000000
            3426     7.791340828     4.294577599     0.000000000   0.000000
            3427     7.539480686     4.726209641     0.000000000   0.000000
            3428     7.863941193     4.582099915     0.000000000   0.000000
            3429    13.770740509    14.634653091     0.000000000   0.000000
            3430    14.240505219    14.366294861     0.000000000   0.000000
            3431    14.053118706    13.967978477     0.000000000   0.000000
            3432    13.571949005    14.293625832     0.000000000   0.000000
            3433    13.905253410    14.313150406     0.000000000   0.000000
            3434    12.980908394    14.243270874     0.000000000   0.000000
            3435    13.104203224    14.555400848     0.000000000   0.000000
            3436    13.275601387    14.261021614     0.000000000   0.000000
            3437     6.386224747    10.884181976     0.000000000   0.000000
            3438     6.970608711    10.904323578     0.000000000   0.000000
            3439     6.919035435    10.560447693     0.000000000   0.000000
            3440     6.432867050    10.527209282     0.000000000   0.000000
            3441     6.658554554    10.728519440     0.000000000   0.000000
            3442     5.764494896    10.835292816     0.000000000   0.000000
            3443     5.853599072    11.306256294     0.000000000   0.000000
            3444     6.481880188    11.350787163     0.000000000   0.000000
            3445     6.116303921    11.088484764     0.000000000   0.000000
            3446     6.599093914     5.702653885     0.000000000   0.000000
            3447     6.583434582     6.139527798     0.000000000   0.000000
            3448     6.903898716     6.094335079     0.000000000   0.000000
            3449     6.922904968     5.639035225     0.000000000   0.000000
            3450     6.747169018     5.896485806     0.000000000   0.000000
            3451     6.451254845     5.379239559     0.000000000   0.000000
            3452     6.057792664     5.720030785     0.000000000   0.000000
            3453     6.273601055     5.958475113     0.000000000   0.000000
            3454     6.352527142     5.674366951     0.000000000   0.000000
            3455    12.916285515     2.544676542     0.000000000   0.000000
            3456    12.543935776     2.873674154     0.000000000   0.000000
            3457    12.787364960     3.149101496     0.000000000   0.000000
            3458    13.176494598     2.814899921     0.000000000   0.000000
            3459    12.855934143     2.842754364     0.000000000   0.000000
            3460    13.052522659     2.202894926     0.000000000   0.000000
            3461    12.533389091     2.107600451     0.000000000   0.000000
            3462    12.474434853     2.450487852     0.000000000   0.000000
            3463    12.756600380     2.320210457     0.000000000   0.000000
            3464     6.663792610     3.414208412     0.000000000   0.000000
            3465     6.302534580     3.816674948     0.000000000   0.000000
            3466     6.601466656     4.060810089     0.000000000   0.000000
            3467     6.975894928     3.668032885     0.000000000   0.000000
            3468     6.646101952     3.727575064     0.000000000   0.000000
            3469     6.883021355     3.082615614     0.000000000   0.000000
            3470     6.523481846     2.877107859     0.000000000   0.000000
            3471     6.282221794     3.189637899     0.000000000   0.000000
            3472     6.584924698     3.145566940     0.000000000   0.000000
            3473     3.507161140    11.430796623     0.000000000   0.000000
            3474     3.955394268    11.518157005     0.000000000   0.000000
            3475     4.061600208    11.170671463     0.000000000   0.000000
            3476     3.642834663    11.063325882     0.000000000   0.000000
            3477     3.788418055    11.298159599     0.000000000   0.000000
            3478     3.846188307    10.577070236     0.000000000   0.000000
            3479     3.484878778    10.428224564     0.000000000   0.000000
            3480     3.251872063    10.938331604     0.000000000   0.000000
            3481     3.555498362    10.754309654     0.000000000   0.000000
            3482     4.184646130     0.195642263     0.000000000   0.000000
            3483     3.540647507     0.297869474     0.000000000   0.000000
            3484     4.039996624     0.482973129     0.000000000   0.000000
            3485     3.883969784     0.255392939     0.000000000   0.000000
            3486     3.982099295     0.813293993     0.000000000   0.000000
            3487     4.565784454     0.910880744     0.000000000   0.000000
            3488     4.648404598     0.556517839     0.000000000   0.000000
            3489     4.306590557     0.690988600     0.000000000   0.000000
            3490     2.942722321     9.562231064     0.000000000   0.000000
            3491     2.525201321     9.164441109     0.000000000   0.000000
            3492     2.134277105     9.430115700     0.000000000   0.000000
            3493     2.528866291     9.835941315     0.000000000   0.000000
            3494     2.538092375     9.506969452     0.000000000   0.000000
            3495     2.090653896    10.045967102     0.000000000   0.000000
            3496     2.335386038    10.383993149     0.000000000   0.000000
            3497     2.731752157    10.240948677     0.000000000   0.000000
            3498     2.436321259    10.110570908     0.000000000   0.000000
            3499    17.174404144    12.999962807     0.000000000   0.000000
            3500    17.031356812    13.407108307     0.000000000   0.000000
            3501    17.274015427    13.482830048     0.000000000   0.000000
            3502    17.254547119    13.215477943     0.000000000   0.000000
            3503    17.139289856    12.631953239     0.000000000   0.000000
            3504    16.707075119    12.759799004     0.000000000   0.000000
            3505    16.726921082    13.113048553     0.000000000   0.000000
            3506    16.956821442    12.880762100     0.000000000   0.000000
            3507    12.698542595    14.038801193     0.000000000   0.000000
            3508    12.404924393    14.344179153     0.000000000   0.000000
            3509    12.688727379    14.546676636     0.000000000   0.000000
            3510    12.689434052    14.290338516     0.000000000   0.000000
            3511    12.536249161    13.534210205     0.000000000   0.000000
            3512    12.337720871    13.792415619     0.000000000   0.000000
            3513    12.621204376    13.785203934     0.000000000   0.000000
            3514    16.073259354     3.901798487     0.000000000   0.000000
            3515    16.068632126     3.302070856     0.000000000   0.000000
            3516    15.617692947     3.268292189     0.000000000   0.000000
            3517    15.630260468     3.857988358     0.000000000   0.000000
            3518    15.854120255     3.587973595     0.000000000   0.000000
            3519    15.075643539     3.739788771     0.000000000   0.000000
            3520    15.514209747     4.298571110     0.000000000   0.000000
            3521    15.324086189     4.018999100     0.000000000   0.000000
            3522     3.792460203    13.603231430     0.000000000   0.000000
            3523     4.269628525    13.667517662     0.000000000   0.000000
            3524     4.364981174    13.233847618     0.000000000   0.000000
            3525     3.835783243    13.203078270     0.000000000   0.000000
            3526     4.060753345    13.428020477     0.000000000   0.000000
            3527     3.938361645    12.752127647     0.000000000   0.000000
            3528     3.403591394    13.088649750     0.000000000   0.000000
            3529     3.680641890    12.955803871     0.000000000   0.000000
            3530    12.601307869     4.086013794     0.000000000   0.000000
            3531    12.637282372     4.650026321     0.000000000   0.000000
            3532    13.005966187     4.563379288     0.000000000   0.000000
            3533    12.984270096     4.049689293     0.000000000   0.000000
            3534    12.795480728     4.330874443     0.000000000   0.000000
            3535    12.618611336     3.557894468     0.000000000   0.000000
            3536    12.245705605     3.561631203     0.000000000   0.000000
            3537    12.233297348     4.053525925     0.000000000   0.000000
            3538    12.429065704     3.820217371     0.000000000   0.000000
            3539    12.495492935     8.590516090     0.000000000   0.000000
            3540    12.158017159     8.962008476     0.000000000   0.000000
            3541    12.457849503     9.265846252     0.000000000   0.000000
            3542    12.855505943     8.829416275     0.000000000   0.000000
            3543    12.493626595     8.901788712     0.000000000   0.000000
            3544    12.602491379     8.202319145     0.000000000   0.000000
            3545    12.040045738     8.131106377     0.000000000   0.000000
            3546    11.986218452     8.521254539     0.000000000   0.000000
            3547    12.284870148     8.356797218     0.000000000   0.000000
            3548    10.573929787     6.385526657     0.000000000   0.000000
            3549    10.808365822     6.007758617     0.000000000   0.000000
            3550    10.253445625     5.773078442     0.000000000   0.000000
            3551    10.399179459     6.083667278     0.000000000   0.000000
            3552    10.613603592     5.313057423     0.000000000   0.000000
            3553    10.269408226     5.023670197     0.000000000   0.000000
            3554     9.880544662     5.469714165     0.000000000   0.000000
            3555    10.246537209     5.403249264     0.000000000   0.000000
            3556     4.697903633     9.781599998     0.000000000   0.000000
            3557     4.400579453    10.211106300     0.000000000   0.000000
            3558     4.664906025    10.354184151     0.000000000   0.000000
            3559     4.674455643    10.076482773     0.000000000   0.000000
            3560     4.986946106     9.305154800     0.000000000   0.000000
            3561     4.646925926     9.077893257     0.000000000   0.000000
            3562     4.367841244     9.584119797     0.000000000   0.000000
            3563     4.684867859     9.438971519     0.000000000   0.000000
            3564    12.811337471    16.503728867     0.000000000   0.000000
            3565    12.981077194    16.918476105     0.000000000   0.000000
            3566    13.308960915    16.705253601     0.000000000   0.000000
            3567    13.158197403    16.299827576     0.000000000   0.000000
            3568    13.061189651    16.607980728     0.000000000   0.000000
            3569    12.574892044    16.182270050     0.000000000   0.000000
            3570    12.152966499    16.532737732     0.000000000   0.000000
            3571    12.372486115    16.844551086     0.000000000   0.000000
            3572    12.491345406    16.505159378     0.000000000   0.000000
            3573     4.546065331     8.387049675     0.000000000   0.000000
            3574     4.905432701     7.969764233     0.000000000   0.000000
            3575     4.607480526     7.714601994     0.000000000   0.000000
            3576     4.267476559     8.162075043     0.000000000   0.000000
            3577     4.585256577     8.043978691     0.000000000   0.000000
            3578     3.937772274     7.949465752     0.000000000   0.000000
            3579     3.604814053     8.426149368     0.000000000   0.000000
            3580     3.954640627     8.697879791     0.000000000   0.000000
            3581     3.943370581     8.315238953     0.000000000   0.000000
            3582     4.223053932     2.609728336     0.000000000   0.000000
            3583     3.809086561     2.391583443     0.000000000   0.000000
            3584     3.611138582     2.705524683     0.000000000   0.000000
            3585     4.008352757     2.924325228     0.000000000   0.000000
            3586     3.908177376     2.653796911     0.000000000   0.000000
            3587     3.716807127     3.345759869     0.000000000   0.000000
            3588     4.038018703     3.568437099     0.000000000   0.000000
            3589     4.366410732     3.139526367     0.000000000   0.000000
            3590     4.034388065     3.238387585     0.000000000   0.000000
            3591    10.517562866    11.916675568     0.000000000   0.000000
            3592    10.650203705    12.490491867     0.000000000   0.000000
            3593    11.004494667    12.307745934     0.000000000   0.000000
            3594    10.846861839    11.776221275     0.000000000   0.000000
            3595    10.755071640    12.127552032     0.000000000   0.000000
            3596    10.437461853    11.360771179     0.000000000   0.000000
            3597    10.037167549    11.377681732     0.000000000   0.000000
            3598    10.117695808    11.947540283     0.000000000   0.000000
            3599    10.284809113    11.655899048     0.000000000   0.000000
            3600    13.861166000     4.934142113     0.000000000   0.000000
            3601    14.359725952     4.956357002     0.000000000   0.000000
            3602    13.918647766     4.526785374     0.000000000   0.000000
            3603    14.151576042     4.734795094     0.000000000   0.000000
            3604    13.979719162     4.155179501     0.000000000   0.000000
            3605    13.448640823     4.119442940     0.000000000   0.000000
            3606    13.390528679     4.507013321     0.000000000   0.000000
            3607    13.677570343     4.325345516     0.000000000   0.000000
            3608     3.076505184     1.238976836     0.000000000   0.000000
            3609     3.456729650     0.886138976     0.000000000   0.000000
            3610     3.183668613     0.648798764     0.000000000   0.000000
            3611     2.809176445     1.029312253     0.000000000   0.000000
            3612     3.136576176     0.943355739     0.000000000   0.000000
            3613     2.847260952     1.655540228     0.000000000   0.000000
            3614     3.139840364     1.779793620     0.000000000   0.000000
            3615     3.286985874     1.407475710     0.000000000   0.000000
            3616     3.079046249     1.524111986     0.000000000   0.000000
            3617    13.913146019     5.422906399     0.000000000   0.000000
            3618    13.955563545     5.900642872     0.000000000   0.000000
            3619    14.281774521     5.859219551     0.000000000   0.000000
            3620    14.262556076     5.399727821     0.000000000   0.000000
            3621    14.099731445     5.641867638     0.000000000   0.000000
            3622    13.453260422     4.994392395     0.000000000   0.000000
            3623    13.527940750     5.492576122     0.000000000   0.000000
            3624    13.691060066     5.212561607     0.000000000   0.000000
            3625     8.075247765     3.170551062     0.000000000   0.000000
            3626     7.688038826     3.434143066     0.000000000   0.000000
            3627     7.823606968     3.713036299     0.000000000   0.000000
            3628     8.206806183     3.444995880     0.000000000   0.000000
            3629     7.938965321     3.442210674     0.000000000   0.000000
            3630     8.509851456     2.817867756     0.000000000   0.000000
            3631     8.285572052     2.520235300     0.000000000   0.000000
            3632     7.906540871     2.893635988     0.000000000   0.000000
            3633     8.203616142     2.847760677     0.000000000   0.000000
            3634    16.733375549    13.449690819     0.000000000   0.000000
            3635    16.692132950    13.875274658     0.000000000   0.000000
            3636    16.998701096    13.802800179     0.000000000   0.000000
            3637    16.860963821    13.643776894     0.000000000   0.000000
            3638    16.281845093    13.217583656     0.000000000   0.000000
            3639    16.326744080    13.555588722     0.000000000   0.000000
            3640    16.520883560    13.335796356     0.000000000   0.000000
            3641    11.018316269    16.059183121     0.000000000   0.000000
            3642    11.118499756    16.534364700     0.000000000   0.000000
            3643    11.501803398    16.491603851     0.000000000   0.000000
            3644    11.339337349    15.968901634     0.000000000   0.000000
            3645    11.253803253    16.286207199     0.000000000   0.000000
            3646    11.714716911    15.860947609     0.000000000   0.000000
            3647    11.527124405    15.329406738     0.000000000   0.000000
            3648    11.126440048    15.404749870     0.000000000   0.000000
            3649    11.419535637    15.638537407     0.000000000   0.000000
            3650    11.331078529     2.691000700     0.000000000   0.000000
            3651    11.370915413     3.239068747     0.000000000   0.000000
            3652    11.788008690     3.172428846     0.000000000   0.000000
            3653    11.708571434     2.597255230     0.000000000   0.000000
            3654    11.555948257     2.939604998     0.000000000   0.000000
            3655    11.234601974     2.141075611     0.000000000   0.000000
            3656    10.853768349     2.262707710     0.000000000   0.000000
            3657    10.948122978     2.745903969     0.000000000   0.000000
            3658    11.099742889     2.466034889     0.000000000   0.000000
            3659    16.068616867    10.440318108     0.000000000   0.000000
            3660    16.205581665     9.976598740     0.000000000   0.000000
            3661    15.877433777     9.857088089     0.000000000   0.000000
            3662    15.742067337    10.336421967     0.000000000   0.000000
            3663    15.966544151    10.149832726     0.000000000   0.000000
            3664    16.032371521    10.945528984     0.000000000   0.000000
            3665    16.409683228    10.484846115     0.000000000   0.000000
            3666    16.222015381    10.719527245     0.000000000   0.000000
            3667    14.991731644    12.066928864     0.000000000   0.000000
            3668    15.098140717    11.615756035     0.000000000   0.000000
            3669    14.768690109    11.601599693     0.000000000   0.000000
            3670    14.681445122    11.975584030     0.000000000   0.000000
            3671    14.896372795    11.820233345     0.000000000   0.000000
            3672    14.825428009    12.515633583     0.000000000   0.000000
            3673    15.161747932    12.645072937     0.000000000   0.000000
            3674    15.309756279    12.129256248     0.000000000   0.000000
            3675    15.074940681    12.343411446     0.000000000   0.000000
            3676     0.520502925     5.382171631     0.000000000   0.000000
            3677     0.527865052     5.832828522     0.000000000   0.000000
            3678     0.829950213     5.810276985     0.000000000   0.000000
            3679     0.831471145     5.305009842     0.000000000   0.000000
            3680     0.677663147     5.570878506     0.000000000   0.000000
            3681     0.325335830     5.086264610     0.000000000   0.000000
            3682     0.242280304     5.740101337     0.000000000   0.000000
            3683     0.276322454     5.426803589     0.000000000   0.000000
            3684     3.010201216    11.406061172     0.000000000   0.000000
            3685     2.933161974    10.809133530     0.000000000   0.000000
            3686     2.660395145    11.258441925     0.000000000   0.000000
            3687     2.955841303    11.120180130     0.000000000   0.000000
            3688     2.964707136    11.813822746     0.000000000   0.000000
            3689     3.496957541    11.804143906     0.000000000   0.000000
            3690     3.228191137    11.610667229     0.000000000   0.000000
            3691     6.794043064    15.967559814     0.000000000   0.000000
            3692     6.985871792    15.559846878     0.000000000   0.000000
            3693     6.690987110    15.357792854     0.000000000   0.000000
            3694     6.432556152    15.791225433     0.000000000   0.000000
            3695     6.711006165    15.681961060     0.000000000   0.000000
            3696     6.095336437    15.401835442     0.000000000   0.000000
            3697     5.844409943    15.692828178     0.000000000   0.000000
            3698     6.127784252    16.052017212     0.000000000   0.000000
            3699     6.137404442    15.740215302     0.000000000   0.000000
            3700     3.509591579     5.731353283     0.000000000   0.000000
            3701     3.299474716     6.133554459     0.000000000   0.000000
            3702     3.634167194     6.236177921     0.000000000   0.000000
            3703     3.767076254     5.868328094     0.000000000   0.000000
            3704     3.541769743     6.007715225     0.000000000   0.000000
            3705     3.756882668     5.305173874     0.000000000   0.000000
            3706     3.479790688     5.128654957     0.000000000   0.000000
            3707     3.217169285     5.536477089     0.000000000   0.000000
            3708     3.493404865     5.433135033     0.000000000   0.000000
            3709    12.104006767     6.291614056     0.000000000   0.000000
            3710    11.904112816     5.852647305     0.000000000   0.000000
            3711    11.550049782     6.008481503     0.000000000   0.000000
            3712    11.815352440     6.401336670     0.000000000   0.000000
            3713    11.844146729     6.128586769     0.000000000   0.000000
            3714    12.228692055     6.766253948     0.000000000   0.000000
            3715    12.563819885     6.733089924     0.000000000   0.000000
            3716    12.466759682     6.232519150     0.000000000   0.000000
            3717    12.336261749     6.500231266     0.000000000   0.000000
            3718    15.573924065    14.221659660     0.000000000   0.000000
            3719    15.373785019    13.719843864     0.000000000   0.000000
            3720    15.029230118    13.829755783     0.000000000   0.000000
            3721    15.214643478    14.289658546     0.000000000   0.000000
            3722    15.304474831    14.029641151     0.000000000   0.000000
            3723    14.791217804    14.049507141     0.000000000   0.000000
            3724    14.661838531    14.349716187     0.000000000   0.000000
            3725    15.077179909    14.608326912     0.000000000   0.000000
            3726    14.949584961    14.328559875     0.000000000   0.000000
            3727    10.851437569     4.610189438     0.000000000   0.000000
            3728    10.996200562     4.163811207     0.000000000   0.000000
            3729    10.678920746     4.046929836     0.000000000   0.000000
            3730    10.508310318     4.546146393     0.000000000   0.000000
            3731    10.750370979     4.353595257     0.000000000   0.000000
            3732    10.987610817     4.981101990     0.000000000   0.000000
            3733    11.477783203     4.713982582     0.000000000   0.000000
            3734    11.285693169     4.400568008     0.000000000   0.000000
            3735    11.136855125     4.689353466     0.000000000   0.000000
            3736     0.362806857     0.563821197     0.000000000   0.000000
            3737     0.711236537     0.295543820     0.000000000   0.000000
            3738     0.356763631     0.282689363     0.000000000   0.000000
            3739    17.190286636     8.270679474     0.000000000   0.000000
            3740    16.911611557     8.597189903     0.000000000   0.000000
            3741    17.194658279     8.894604683     0.000000000   0.000000
            3742    17.193893433     8.593920708     0.000000000   0.000000
            3743     1.077449679     0.607778251     0.000000000   0.000000
            3744     1.416250229     0.314409971     0.000000000   0.000000
            3745     1.063987255     0.305603832     0.000000000   0.000000
            3746     1.788742781     0.639561474     0.000000000   0.000000
            3747     2.121656418     0.330078244     0.000000000   0.000000
            3748     1.769703150     0.321307838     0.000000000   0.000000
            3749     0.349806398     7.664468765     0.000000000   0.000000
            3750     0.677580059     7.333661556     0.000000000   0.000000
            3751     0.327805579     6.974845886     0.000000000   0.000000
            3752     0.338125527     7.321570873     0.000000000   0.000000
            3753     1.407017350    11.110330582     0.000000000   0.000000
            3754     1.096783280    10.769865990     0.000000000   0.000000
            3755     0.737483203    11.011169434     0.000000000   0.000000
            3756     1.056250811    11.333627701     0.000000000   0.000000
            3757     1.078935862    11.050818443     0.000000000   0.000000
            3758     0.701876044     8.047649384     0.000000000   0.000000
            3759     0.352088094     8.327836037     0.000000000   0.000000
            3760     0.352243274     7.998313904     0.000000000   0.000000
            3761     0.381168723     1.147371173     0.000000000   0.000000
            3762     0.738003075     0.883207798     0.000000000   0.000000
            3763     0.371790797     0.852059543     0.000000000   0.000000
            3764     0.684613585     9.941741943     0.000000000   0.000000
            3765     0.340421468     9.596013069     0.000000000   0.000000
            3766     0.345821947    10.203986168     0.000000000   0.000000
            3767     0.341253877     9.902010918     0.000000000   0.000000
            3768    15.032088280    17.168645859     0.000000000   0.000000
            3769    14.363159180    17.159065247     0.000000000   0.000000
            3770    14.689261436    17.165456772     0.000000000   0.000000
            3771     0.368119359    13.281246185     0.000000000   0.000000
            3772     0.715061724    13.606770515     0.000000000   0.000000
            3773     0.363306910    13.635590553     0.000000000   0.000000
            3774     2.813725471     0.360689342     0.000000000   0.000000
            3775     3.176610708     0.335761905     0.000000000   0.000000
            3776     2.479638338     0.694937170     0.000000000   0.000000
            3777     2.467363596     0.347765416     0.000000000   0.000000
            3778    15.186908722     0.991430879     0.000000000   0.000000
            3779    15.207496643     0.420198768     0.000000000   0.000000
            3780    14.704496384     0.346939385     0.000000000   0.000000
            3781    14.688033104     0.924206555     0.000000000   0.000000
            3782    14.941287994     0.649625242     0.000000000   0.000000
            3783     5.603951931    12.282931328     0.000000000   0.000000
            3784     5.404515743    11.812735558     0.000000000   0.000000
            3785     4.932765484    12.010431290     0.000000000   0.000000
            3786     5.176138878    12.439904213     0.000000000   0.000000
            3787     5.268677235    12.129001617     0.000000000   0.000000
            3788    11.293234825    11.413908958     0.000000000   0.000000
            3789    10.857266426    11.340878487     0.000000000   0.000000
            3790    11.231256485    11.775862694     0.000000000   0.000000
            3791    11.050014496    11.559136391     0.000000000   0.000000
            3792     9.063878059     9.689689636     0.000000000   0.000000
            3793     9.461950302     9.261143684     0.000000000   0.000000
            3794     9.030845642     9.305275917     0.000000000   0.000000
            3795     9.260376930     9.494036674     0.000000000   0.000000
            3796     0.686906874     9.344966888     0.000000000   0.000000
            3797     0.347598106     8.969831467     0.000000000   0.000000
            3798     0.343620718     9.283786774     0.000000000   0.000000
            3799     1.352646351     6.718479633     0.000000000   0.000000
            3800     1.788560987     7.011380672     0.000000000   0.000000
            3801     2.093610287     6.643383980     0.000000000   0.000000
            3802     1.654467583     6.374480247     0.000000000   0.000000
            3803     1.721038461     6.686353207     0.000000000   0.000000
            3804     1.431957364    13.678310394     0.000000000   0.000000
            3805     1.098542690    13.284322739     0.000000000   0.000000
            3806     1.070356846    13.636746407     0.000000000   0.000000
            3807     1.825286150    13.396591187     0.000000000   0.000000
            3808     2.146879911    13.697843552     0.000000000   0.000000
            3809     1.793301105    13.697038651     0.000000000   0.000000
            3810     0.730356872    10.483694077     0.000000000   0.000000
            3811     0.376397192    10.771333694     0.000000000   0.000000
            3812     0.361448705    10.491011620     0.000000000   0.000000
            3813     4.162061691    17.103010178     0.000000000   0.000000
            3814     3.862981319    16.713975906     0.000000000   0.000000
            3815     3.848241806    17.105445862     0.000000000   0.000000
            3816     0.700108945     8.715552330     0.000000000   0.000000
            3817     0.350308955     8.650343895     0.000000000   0.000000
            3818     1.693009377    11.481879234     0.000000000   0.000000
            3819     2.034086943    11.256854057     0.000000000   0.000000
            3820     1.753714204    10.892968178     0.000000000   0.000000
            3821     1.722240448    11.185470581     0.000000000   0.000000
            3822     8.499435425     4.263926506     0.000000000   0.000000
            3823     8.781846046     4.719161510     0.000000000   0.000000
            3824     8.908918381     4.051615715     0.000000000   0.000000
            3825     8.852033615     4.392973900     0.000000000   0.000000
            3826     1.127084136     1.201808214     0.000000000   0.000000
            3827     1.459341288     0.928013861     0.000000000   0.000000
            3828     1.099390388     0.906648040     0.000000000   0.000000
            3829     5.978388786    17.110584259     0.000000000   0.000000
            3830     5.547229767    16.807193756     0.000000000   0.000000
            3831     5.355678558    17.206829071     0.000000000   0.000000
            3832     5.659507275    17.144687653     0.000000000   0.000000
            3833     2.303430557    11.568755150     0.000000000   0.000000
            3834     2.377674341    10.983931541     0.000000000   0.000000
            3835     2.351760626    11.280310631     0.000000000   0.000000
            3836    14.852563858    15.213499069     0.000000000   0.000000
            3837    15.283422470    15.055060387     0.000000000   0.000000
            3838    14.716366768    14.782081604     0.000000000   0.000000
            3839    15.007783890    14.913711548     0.000000000   0.000000
            3840     1.840086341     1.261581182     0.000000000   0.000000
            3841     2.158494234     0.979615867     0.000000000   0.000000
            3842     1.813341737     0.951634169     0.000000000   0.000000
            3843     7.289037704    12.354839325     0.000000000   0.000000
            3844     6.808198929    12.399750710     0.000000000   0.000000
            3845     6.936715603    12.873966217     0.000000000   0.000000
            3846     7.107776165    12.607606888     0.000000000   0.000000
            3847     0.797051668     1.455505729     0.000000000   0.000000
            3848     0.422532380     1.754763126     0.000000000   0.000000
            3849     0.400415838     1.450225592     0.000000000   0.000000
            3850     7.305061817     8.282565117     0.000000000   0.000000
            3851     6.803296566     8.342683792     0.000000000   0.000000
            3852     6.936619282     8.776969910     0.000000000   0.000000
            3853     7.385842323     8.724630356     0.000000000   0.000000
            3854     7.107753754     8.531219482     0.000000000   0.000000
            3855    15.864321709     4.932639122     0.000000000   0.000000
            3856    16.334297180     4.877727032     0.000000000   0.000000
            3857    16.207057953     4.448601246     0.000000000   0.000000
            3858    15.789420128     4.554046154     0.000000000   0.000000
            3859    16.051282883     4.704513073     0.000000000   0.000000
            3860    10.356263161    10.503101349     0.000000000   0.000000
            3861     9.923850060    10.909096718     0.000000000   0.000000
            3862    10.409813881    10.931499481     0.000000000   0.000000
            3863    10.137660027    10.692782402     0.000000000   0.000000
            3864     6.662687778     7.914064884     0.000000000   0.000000
            3865     7.173148632     7.838507652     0.000000000   0.000000
            3866     7.034482002     7.400039196     0.000000000   0.000000
            3867     6.530124187     7.502014637     0.000000000   0.000000
            3868     6.847394466     7.648187637     0.000000000   0.000000
            3869    14.623781204     5.485599995     0.000000000   0.000000
            3870    14.503998756     5.223195076     0.000000000   0.000000
            3871    10.512053490    17.179975510     0.000000000   0.000000
            3872    10.143853188    16.785638809     0.000000000   0.000000
            3873     9.802212715    17.105161667     0.000000000   0.000000
            3874    10.152832031    17.135858536     0.000000000   0.000000
            3875     7.516460419    10.804624557     0.000000000   0.000000
            3876     8.048729897    10.713808060     0.000000000   0.000000
            3877     7.928613663    10.250105858     0.000000000   0.000000
            3878     7.385839462    10.351957321     0.000000000   0.000000
            3879     7.716023445    10.513274193     0.000000000   0.000000
            3880    16.271268845     1.487147093     0.000000000   0.000000
            3881    15.915683746     1.081778288     0.000000000   0.000000
            3882    15.898700714     1.516059756     0.000000000   0.000000
            3883    16.084398270     1.293968201     0.000000000   0.000000
            3884    16.897840500     0.371156722     0.000000000   0.000000
            3885    17.232179642     0.640739322     0.000000000   0.000000
            3886    17.189374924     0.334184825     0.000000000   0.000000
            3887    14.120266914    16.188501358     0.000000000   0.000000
            3888    13.796702385    16.527446747     0.000000000   0.000000
            3889    14.095438957    16.844154358     0.000000000   0.000000
            3890    14.094173431    16.506565094     0.000000000   0.000000
            3891     7.257178783     2.774810553     0.000000000   0.000000
            3892     6.891286373     2.764898300     0.000000000   0.000000
            3893     7.286891937     3.115709305     0.000000000   0.000000
            3894     7.092522621     2.937471628     0.000000000   0.000000
            3895     9.539493561    11.407101631     0.000000000   0.000000
            3896     9.730627060    11.153424263     0.000000000   0.000000
            3897    13.157216072     0.757445395     0.000000000   0.000000
            3898    13.060256004     1.291029930     0.000000000   0.000000
            3899    13.548560143     1.395083785     0.000000000   0.000000
            3900    13.637981415     0.864101291     0.000000000   0.000000
            3901    13.351780891     1.079400778     0.000000000   0.000000
            3902    11.801381111    14.312686920     0.000000000   0.000000
            3903    12.089597702    14.043786049     0.000000000   0.000000
            3904    12.113532066    14.323618889     0.000000000   0.000000
            3905    10.849181175    10.955920219     0.000000000   0.000000
            3906    10.652138710    11.144438744     0.000000000   0.000000
            3907    11.141542435    10.825328827     0.000000000   0.000000
            3908    11.449220657    11.137781143     0.000000000   0.000000
            3909    11.700963020    10.848165512     0.000000000   0.000000
            3910    11.360294342    10.532296181     0.000000000   0.000000
            3911    11.408078194    10.848538399     0.000000000   0.000000
            3912     7.163346767     9.686574936     0.000000000   0.000000
            3913     7.685407639     9.512234688     0.000000000   0.000000
            3914     7.491734982     9.092578888     0.000000000   0.000000
            3915     7.040913105     9.230549812     0.000000000   0.000000
            3916     7.351367474     9.399379730     0.000000000   0.000000
            3917    14.166129112     0.907494247     0.000000000   0.000000
            3918    14.030913353     0.335521042     0.000000000   0.000000
            3919    13.566358566     0.317612886     0.000000000   0.000000
            3920    13.855959892     0.593329787     0.000000000   0.000000
            3921     1.377470970     9.483809471     0.000000000   0.000000
            3922     1.046643257     9.125186920     0.000000000   0.000000
            3923     1.009289980     9.714994431     0.000000000   0.000000
            3924     1.027099371     9.421397209     0.000000000   0.000000
            3925     0.471792728     2.367582321     0.000000000   0.000000
            3926     0.843612194     2.029731035     0.000000000   0.000000
            3927     0.429325312     2.070284128     0.000000000   0.000000
            3928     8.520884514     1.561263204     0.000000000   0.000000
            3929     8.474676132     1.117382646     0.000000000   0.000000
            3930     8.104042053     1.189213157     0.000000000   0.000000
            3931     8.312288284     1.364480495     0.000000000   0.000000
            3932     5.919724464    11.765080452     0.000000000   0.000000
            3933     5.278877258    11.322476387     0.000000000   0.000000
            3934     5.614575863    11.548033714     0.000000000   0.000000
            3935    11.232712746    17.184385300     0.000000000   0.000000
            3936    10.897919655    16.886617661     0.000000000   0.000000
            3937    10.875544548    17.184532166     0.000000000   0.000000
            3938     9.021817207    11.462336540     0.000000000   0.000000
            3939     9.150348663    11.941203117     0.000000000   0.000000
            3940     9.652134895    11.895510674     0.000000000   0.000000
            3941     9.334537506    11.670959473     0.000000000   0.000000
            3942     1.375192642    10.016345024     0.000000000   0.000000
            3943     1.739690304    10.295091629     0.000000000   0.000000
            3944     1.735201240     9.762309074     0.000000000   0.000000
            3945     1.734085321    10.027156830     0.000000000   0.000000
            3946    10.878864288     8.602913857     0.000000000   0.000000
            3947    11.484359741     8.549171448     0.000000000   0.000000
            3948    11.302852631     8.052180290     0.000000000   0.000000
            3949    11.097582817     8.322874069     0.000000000   0.000000
            3950     9.315288544    16.785779953     0.000000000   0.000000
            3951     9.085044861    17.167913437     0.000000000   0.000000
            3952     9.440649033    17.127168655     0.000000000   0.000000
            3953     2.213064671     1.611233115     0.000000000   0.000000
            3954     1.519426703     1.528738379     0.000000000   0.000000
            3955     1.900437832     1.876727104     0.000000000   0.000000
            3956     1.868677020     1.569344521     0.000000000   0.000000
            3957     1.385996222    11.709484100     0.000000000   0.000000
            3958     0.700494707    11.605056763     0.000000000   0.000000
            3959     1.050968885    11.962052345     0.000000000   0.000000
            3960     1.046893120    11.644819260     0.000000000   0.000000
            3961    17.185945511     6.981718063     0.000000000   0.000000
            3962    16.778203964     7.284742832     0.000000000   0.000000
            3963    17.092002869     7.623211861     0.000000000   0.000000
            3964    17.131227493     7.309449673     0.000000000   0.000000
            3965    17.117429733     9.638599396     0.000000000   0.000000
            3966    16.822450638     9.916910172     0.000000000   0.000000
            3967    17.201635361    10.164777756     0.000000000   0.000000
            3968    17.161724091     9.887715340     0.000000000   0.000000
            3969     8.650074005     3.285928965     0.000000000   0.000000
            3970     8.949600220     2.556346893     0.000000000   0.000000
            3971     8.799786568     2.930520773     0.000000000   0.000000
            3972    11.121238708     0.284179658     0.000000000   0.000000
            3973    11.510237694     0.658689320     0.000000000   0.000000
            3974    11.825344086     0.337511063     0.000000000   0.000000
            3975    11.489315033     0.330585480     0.000000000   0.000000
            3976     3.443883657    13.708432198     0.000000000   0.000000
            3977     3.122502327    13.332984924     0.000000000   0.000000
            3978     2.804981470    13.633778572     0.000000000   0.000000
            3979     3.134302855    13.663134575     0.000000000   0.000000
            3980     5.700080395     7.084599018     0.000000000   0.000000
            3981     5.257428169     7.320252895     0.000000000   0.000000
            3982     5.399876595     7.726463795     0.000000000   0.000000
            3983     5.896453381     7.476601601     0.000000000   0.000000
            3984     5.561432362     7.413841724     0.000000000   0.000000
            3985     6.346761703     7.157989979     0.000000000   0.000000
            3986     6.735145569     6.791309357     0.000000000   0.000000
            3987     6.415301323     6.512914181     0.000000000   0.000000
            3988     6.081275940     6.835361004     0.000000000   0.000000
            3989     6.407987118     6.827740669     0.000000000   0.000000
            3990    16.783418655     7.982123375     0.000000000   0.000000
            3991    17.132377625     7.941541672     0.000000000   0.000000
            3992     3.937129498    12.305436134     0.000000000   0.000000
            3993     3.929599047    11.869524956     0.000000000   0.000000
            3994     3.716855049    12.055338860     0.000000000   0.000000
            3995     1.248112321     2.368672371     0.000000000   0.000000
            3996     1.581507921     2.133644581     0.000000000   0.000000
            3997     1.201018214     1.774061561     0.000000000   0.000000
            3998     1.219592452     2.073953390     0.000000000   0.000000
            3999     9.007867813     8.987440109     0.000000000   0.000000
            4000     9.403667450     8.880380630     0.000000000   0.000000
            4001     9.290551186     8.509346962     0.000000000   0.000000
            4002     8.902052879     8.678050995     0.000000000   0.000000
            4003     9.157166481     8.753241539     0.000000000   0.000000
            4004     7.631192207    11.235541344     0.000000000   0.000000
            4005     7.660766602    11.731708527     0.000000000   0.000000
            4006     8.096308708    11.618201256     0.000000000   0.000000
            4007     8.104304314    11.149668694     0.000000000   0.000000
            4008     7.878750801    11.438305855     0.000000000   0.000000
            4009     2.671786308     6.067971230     0.000000000   0.000000
            4010     2.309217453     5.701850891     0.000000000   0.000000
            4011     1.992663503     6.005734921     0.000000000   0.000000
            4012     2.377377033     6.350718498     0.000000000   0.000000
            4013     2.334385157     6.026625156     0.000000000   0.000000
            4014    10.712642670     1.763019562     0.000000000   0.000000
            4015    10.290972710     1.975830436     0.000000000   0.000000
            4016    10.430406570     2.450084209     0.000000000   0.000000
            4017    10.575484276     2.107203484     0.000000000   0.000000
            4018     2.501468182     1.344029546     0.000000000   0.000000
            4019     2.486819744     1.015828013     0.000000000   0.000000
            4020    10.445580482     0.260923237     0.000000000   0.000000
            4021    10.747550964     0.526258230     0.000000000   0.000000
            4022    10.773040771     0.265969008     0.000000000   0.000000
            4023     4.167985916    16.227424622     0.000000000   0.000000
            4024     3.791974068    16.012834549     0.000000000   0.000000
            4025     3.841159582    16.350397110     0.000000000   0.000000
            4026    14.069179535    10.802806854     0.000000000   0.000000
            4027    14.007514000    10.333804131     0.000000000   0.000000
            4028    13.587675095    10.286548615     0.000000000   0.000000
            4029    13.637339592    10.804389000     0.000000000   0.000000
            4030    13.821912766    10.566487312     0.000000000   0.000000
            4031    14.046450615     2.738131046     0.000000000   0.000000
            4032    14.029549599     2.182762623     0.000000000   0.000000
            4033    13.578356743     2.196942568     0.000000000   0.000000
            4034    13.607625961     2.720579386     0.000000000   0.000000
            4035    13.815532684     2.457962275     0.000000000   0.000000
            4036     4.849517822    10.845177650     0.000000000   0.000000
            4037     4.828839302    11.309141159     0.000000000   0.000000
            4038     5.238362312    10.842950821     0.000000000   0.000000
            4039     5.040822506    11.086042404     0.000000000   0.000000
            4040    13.755917549    17.202274323     0.000000000   0.000000
            4041    14.058341980    17.176118851     0.000000000   0.000000
            4042    12.232933998     0.358283758     0.000000000   0.000000
            4043    12.405839920     0.841801584     0.000000000   0.000000
            4044    12.892097473     0.482478768     0.000000000   0.000000
            4045    12.566736221     0.435639471     0.000000000   0.000000
            4046     5.995932102     9.164363861     0.000000000   0.000000
            4047     6.334365845     9.253382683     0.000000000   0.000000
            4048     6.378035545     8.931424141     0.000000000   0.000000
            4049     6.057252407     8.891589165     0.000000000   0.000000
            4050     6.201516151     9.065016747     0.000000000   0.000000
            4051     1.424052358    10.538698196     0.000000000   0.000000
            4052     1.053993344    10.243718147     0.000000000   0.000000
            4053     1.081248641    10.504357338     0.000000000   0.000000
            4054    17.211267471     5.975606441     0.000000000   0.000000
            4055    17.180038452     5.301260948     0.000000000   0.000000
            4056    16.857629776     5.702445507     0.000000000   0.000000
            4057    17.176044464     5.649793148     0.000000000   0.000000
            4058     8.972156525    15.582250595     0.000000000   0.000000
            4059     9.142273903    15.232971191     0.000000000   0.000000
            4060     8.795467377    15.041979790     0.000000000   0.000000
            4061     8.568574905    15.440130234     0.000000000   0.000000
            4062     8.859996796    15.313918114     0.000000000   0.000000
            4063    11.726249695    13.751360893     0.000000000   0.000000
            4064    11.330692291    13.453020096     0.000000000   0.000000
            4065    11.072530746    13.762962341     0.000000000   0.000000
            4066    11.456647873    14.069315910     0.000000000   0.000000
            4067    11.395591736    13.762723923     0.000000000   0.000000
            4068     9.610066414     1.414279699     0.000000000   0.000000
            4069     9.187631607     1.474315524     0.000000000   0.000000
            4070     9.214512825     1.897829771     0.000000000   0.000000
            4071     9.670964241     1.806442976     0.000000000   0.000000
            4072     9.413168907     1.652680397     0.000000000   0.000000
            4073    10.139534950    12.557652473     0.000000000   0.000000
            4074     9.895464897    12.223937988     0.000000000   0.000000
            4075    17.255197525    10.755957603     0.000000000   0.000000
            4076    17.239896774    11.401677132     0.000000000   0.000000
            4077    17.254423141    11.079149246     0.000000000   0.000000
            4078    12.553755760    17.179786682     0.000000000   0.000000
            4079    13.155052185    17.238611221     0.000000000   0.000000
            4080    12.855752945    17.213048935     0.000000000   0.000000
            4081    13.428306580     8.593860626     0.000000000   0.000000
            4082    13.994897842     8.413789749     0.000000000   0.000000
            4083    13.756866455     8.024625778     0.000000000   0.000000
            4084    13.207865715     8.157334328     0.000000000   0.000000
            4085    13.600207329     8.305087090     0.000000000   0.000000
            4086     2.066311121    10.646542549     0.000000000   0.000000
            4087     1.749703526    10.592683792     0.000000000   0.000000
            4088     2.511379242     4.157974243     0.000000000   0.000000
            4089     2.165625811     3.762254953     0.000000000   0.000000
            4090     1.866073370     4.018936157     0.000000000   0.000000
            4091     2.206103802     4.426157475     0.000000000   0.000000
            4092     2.185327291     4.093642712     0.000000000   0.000000
            4093    16.871011734    11.642423630     0.000000000   0.000000
            4094    17.115942001    12.031548500     0.000000000   0.000000
            4095    17.169044495    11.721254349     0.000000000   0.000000
            4096     9.943311691     9.188673019     0.000000000   0.000000
            4097     9.659996986     9.035367012     0.000000000   0.000000
            4098     2.557125330     4.802048206     0.000000000   0.000000
            4099     1.911692858     4.735584736     0.000000000   0.000000
            4100     2.257606506     5.064932346     0.000000000   0.000000
            4101     2.230309248     4.748688221     0.000000000   0.000000
            4102     8.023819923     0.804129303     0.000000000   0.000000
            4103     7.612297058     0.918043733     0.000000000   0.000000
            4104     7.850733280     1.047796726     0.000000000   0.000000
            4105     4.564370632    16.431581497     0.000000000   0.000000
            4106     4.530127048    17.032848358     0.000000000   0.000000
            4107     4.987272739    17.142538071     0.000000000   0.000000
            4108     5.038711071    16.608982086     0.000000000   0.000000
            4109     4.767323971    16.815889359     0.000000000   0.000000
            4110    11.746006966     9.635411263     0.000000000   0.000000
            4111    11.578182220    10.176447868     0.000000000   0.000000
            4112    12.017647743    10.450386047     0.000000000   0.000000
            4113    12.247295380     9.868643761     0.000000000   0.000000
            4114    11.920725822    10.035441399     0.000000000   0.000000
            4115    17.149065018    15.496955872     0.000000000   0.000000
            4116    17.149423599    14.809713364     0.000000000   0.000000
            4117    16.803419113    15.261687279     0.000000000   0.000000
            4118    17.149517059    15.155585289     0.000000000   0.000000
            4119    17.036300659    16.875520706     0.000000000   0.000000
            4120    16.726354599    17.249389648     0.000000000   0.000000
            4121    17.098783493    17.182676315     0.000000000   0.000000
            4122     7.447251797    16.986701965     0.000000000   0.000000
            4123     7.723370075    16.704614639     0.000000000   0.000000
            4124     7.446407795    16.466070175     0.000000000   0.000000
            4125     7.144712448    16.734338760     0.000000000   0.000000
            4126     7.439317703    16.721647263     0.000000000   0.000000
            4127     7.205871105    15.875354767     0.000000000   0.000000
            4128     7.549934864    15.685161591     0.000000000   0.000000
            4129     7.319663525    15.278346062     0.000000000   0.000000
            4130     7.278473854    15.583886147     0.000000000   0.000000
            4131     5.976969719     0.656557441     0.000000000   0.000000
            4132     6.478258610     0.376484275     0.000000000   0.000000
            4133     5.811223030     0.306231767     0.000000000   0.000000
            4134     6.149814129     0.340135008     0.000000000   0.000000
            4135    16.961418152    10.421745300     0.000000000   0.000000
            4136    17.231460571    10.455119133     0.000000000   0.000000
            4137    10.195442200    13.975476265     0.000000000   0.000000
            4138     9.803449631    14.231577873     0.000000000   0.000000
            4139    10.068486214    14.584019661     0.000000000   0.000000
            4140    10.471486092    14.343727112     0.000000000   0.000000
            4141    10.131590843    14.282422066     0.000000000   0.000000
            4142    13.144546509    10.785924911     0.000000000   0.000000
            4143    13.149971962    10.210486412     0.000000000   0.000000
            4144    12.692728996    10.088275909     0.000000000   0.000000
            4145    12.671527863    10.709190369     0.000000000   0.000000
            4146    12.903304100    10.451883316     0.000000000   0.000000
            4147    11.363970757     6.830128193     0.000000000   0.000000
            4148    11.638676643     7.232189178     0.000000000   0.000000
            4149    11.649672508     6.847399712     0.000000000   0.000000
            4150    11.488630295     7.038241386     0.000000000   0.000000
            4151     8.325119972     3.798733473     0.000000000   0.000000
            4152     8.727325439     3.690729141     0.000000000   0.000000
            4153     8.476816177     3.553836584     0.000000000   0.000000
            4154     8.409218788    16.459171295     0.000000000   0.000000
            4155     8.265914917    16.774585724     0.000000000   0.000000
            4156     8.621441841    16.942897797     0.000000000   0.000000
            4157     8.799945831    16.585252762     0.000000000   0.000000
            4158     8.527231216    16.692796707     0.000000000   0.000000
            4159    14.452687263     7.923762798     0.000000000   0.000000
            4160    14.521574974     7.460995674     0.000000000   0.000000
            4161    14.031402588     7.760156631     0.000000000   0.000000
            4162    14.271781921     7.611161709     0.000000000   0.000000
            4163     2.171759367     7.311343670     0.000000000   0.000000
            4164     2.522142649     7.730534077     0.000000000   0.000000
            4165     2.533428907     7.008865356     0.000000000   0.000000
            4166     2.538608074     7.371824265     0.000000000   0.000000
            4167     5.146969318     0.357804894     0.000000000   0.000000
            4168     4.554062843     0.208327264     0.000000000   0.000000
            4169     4.835592270     0.293486208     0.000000000   0.000000
            4170     8.290740013     6.971849442     0.000000000   0.000000
            4171     8.072329521     7.433670521     0.000000000   0.000000
            4172     8.471945763     7.718003273     0.000000000   0.000000
            4173     8.369643211     7.335301399     0.000000000   0.000000
            4174    17.183931351    14.090878487     0.000000000   0.000000
            4175    16.828660965    14.548542023     0.000000000   0.000000
            4176    17.159593582    14.446041107     0.000000000   0.000000
            4177    13.329721451    11.624527931     0.000000000   0.000000
            4178    13.220873833    11.231069565     0.000000000   0.000000
            4179    12.732233047    11.288866997     0.000000000   0.000000
            4180    13.028367043    11.476077080     0.000000000   0.000000
            4181     6.555721283    13.003357887     0.000000000   0.000000
            4182     6.718611717    13.452569008     0.000000000   0.000000
            4183     6.828963280    13.155641556     0.000000000   0.000000
            4184     2.289076805     2.231768131     0.000000000   0.000000
            4185     1.981767178     2.491083145     0.000000000   0.000000
            4186     1.938563704     2.183612585     0.000000000   0.000000
            4187     7.737450123    14.962965965     0.000000000   0.000000
            4188     7.473163605    14.648909569     0.000000000   0.000000
            4189     7.058052063    14.977068901     0.000000000   0.000000
            4190     7.394954205    14.966883659     0.000000000   0.000000
            4191    13.974141121    15.448872566     0.000000000   0.000000
            4192    13.506171227    15.387789726     0.000000000   0.000000
            4193    13.508282661    15.817641258     0.000000000   0.000000
            4194    13.977527618    15.858055115     0.000000000   0.000000
            4195    13.734662056    15.643615723     0.000000000   0.000000
            4196    10.743712425     3.533173323     0.000000000   0.000000
            4197    10.270948410     3.999980927     0.000000000   0.000000
            4198    10.503842354     3.765513659     0.000000000   0.000000
            4199     0.742057562    12.889600754     0.000000000   0.000000
            4200     0.371752173    12.953312874     0.000000000   0.000000
            4201     4.089821815     6.821990967     0.000000000   0.000000
            4202     3.788192034     6.528036118     0.000000000   0.000000
            4203     3.446763277     6.745094776     0.000000000   0.000000
            4204     3.767685413     6.785706997     0.000000000   0.000000
            4205    14.776954651     1.554803133     0.000000000   0.000000
            4206    14.300588608     1.541833401     0.000000000   0.000000
            4207    14.475364685     1.226878285     0.000000000   0.000000
            4208    11.636595726     4.001140118     0.000000000   0.000000
            4209    11.255549431     3.701015711     0.000000000   0.000000
            4210    11.314959526     4.047484875     0.000000000   0.000000
            4211     0.355656296    11.355577469     0.000000000   0.000000
            4212     0.367082059    11.063454628     0.000000000   0.000000
            4213    13.511198044     5.909931660     0.000000000   0.000000
            4214    13.516835213     6.299417973     0.000000000   0.000000
            4215    13.990009308     6.310097694     0.000000000   0.000000
            4216    13.746700287     6.105666161     0.000000000   0.000000
            4217    15.043293953     3.301484823     0.000000000   0.000000
            4218    15.501091957     2.731317282     0.000000000   0.000000
            4219    14.961729050     2.800907612     0.000000000   0.000000
            4220    15.289943695     3.030512810     0.000000000   0.000000
            4221     5.360022068    13.213490486     0.000000000   0.000000
            4222     4.845901012    13.264805794     0.000000000   0.000000
            4223     4.963881016    13.715747833     0.000000000   0.000000
            4224     5.437479496    13.617035866     0.000000000   0.000000
            4225     5.146404266    13.458227158     0.000000000   0.000000
            4226    16.303871155    12.756998062     0.000000000   0.000000
            4227    15.911786079    12.755955696     0.000000000   0.000000
            4228    15.854289055    13.254157066     0.000000000   0.000000
            4229    16.084724426    13.000751495     0.000000000   0.000000
            4230     3.544726610     2.069823503     0.000000000   0.000000
            4231     4.018360138     2.147396803     0.000000000   0.000000
            4232     3.800640345     1.896138191     0.000000000   0.000000
            4233     3.781353235     2.136785269     0.000000000   0.000000
            4234    17.216604233     6.352128029     0.000000000   0.000000
            4235    16.900901794     6.594921112     0.000000000   0.000000
            4236    17.189678192     6.644878864     0.000000000   0.000000
            4237    16.782087326     3.784057617     0.000000000   0.000000
            4238    16.436481476     3.339048624     0.000000000   0.000000
            4239    16.422168732     3.829143047     0.000000000   0.000000
            4240    16.601055145     3.574244261     0.000000000   0.000000
            4241     5.201308727     8.856574059     0.000000000   0.000000
            4242     5.506580830     9.120537758     0.000000000   0.000000
            4243     5.248937607     9.197344780     0.000000000   0.000000
            4244     5.765792370    12.729086876     0.000000000   0.000000
            4245     6.130757332    12.609552383     0.000000000   0.000000
            4246     5.975633621    12.164031982     0.000000000   0.000000
            4247     5.878484249    12.444717407     0.000000000   0.000000
            4248     4.454379559    12.709393501     0.000000000   0.000000
            4249     4.451356888    12.237948418     0.000000000   0.000000
            4250     4.207668304    12.503038406     0.000000000   0.000000
            4251    12.678470612    12.729584694     0.000000000   0.000000
            4252    12.281317711    12.456162453     0.000000000   0.000000
            4253    12.091183662    12.709001541     0.000000000   0.000000
            4254    12.448198318    12.993892670     0.000000000   0.000000
            4255    12.387465477    12.719154358     0.000000000   0.000000
            4256     8.564941406    13.171614647     0.000000000   0.000000
            4257     8.409212112    12.796519279     0.000000000   0.000000
            4258     8.280775070    13.049002647     0.000000000   0.000000
            4259     7.210031509     0.320429683     0.000000000   0.000000
            4260     7.460126400     0.624089837     0.000000000   0.000000
            4261     7.881336212     0.386593670     0.000000000   0.000000
            4262     7.563766003     0.329708934     0.000000000   0.000000
            4263     3.585649490     1.220546365     0.000000000   0.000000
            4264     4.017025471     1.165311933     0.000000000   0.000000
            4265     3.762811184     1.003261089     0.000000000   0.000000
            4266     5.805724144     6.457108498     0.000000000   0.000000
            4267     5.437345982     6.677988052     0.000000000   0.000000
            4268     5.754841328     6.754147053     0.000000000   0.000000
            4269    15.984886169     1.965994358     0.000000000   0.000000
            4270    16.173465729     2.377248287     0.000000000   0.000000
            4271    16.503837585     2.232472897     0.000000000   0.000000
            4272    16.325952530     1.843291640     0.000000000   0.000000
            4273    16.245380402     2.113547802     0.000000000   0.000000
            4274     1.242455721     3.827723742     0.000000000   0.000000
            4275     0.892021716     3.476097107     0.000000000   0.000000
            4276     0.628163040     3.741295815     0.000000000   0.000000
            4277     0.971237719     4.125479698     0.000000000   0.000000
            4278     0.932198107     3.791690111     0.000000000   0.000000
            4279    13.095943451     7.727785110     0.000000000   0.000000
            4280    13.626114845     7.667525291     0.000000000   0.000000
            4281    13.018672943     7.265769482     0.000000000   0.000000
            4282    13.322829247     7.473530293     0.000000000   0.000000
            4283    11.530808449    11.906322479     0.000000000   0.000000
            4284    11.885322571    12.095475197     0.000000000   0.000000
            4285    11.680468559    11.622015953     0.000000000   0.000000
            4286    11.771933556    11.868045807     0.000000000   0.000000
            4287     9.501342773     0.265187413     0.000000000   0.000000
            4288     8.835074425     0.327163547     0.000000000   0.000000
            4289     9.288583755     0.614951432     0.000000000   0.000000
            4290     9.180620193     0.315133482     0.000000000   0.000000
            4291     3.055835009     6.426577091     0.000000000   0.000000
            4292     2.805791855     6.711830616     0.000000000   0.000000
            4293     3.130205154     6.724323750     0.000000000   0.000000
            4294     6.091289520    14.685920715     0.000000000   0.000000
            4295     6.544428825    14.394875526     0.000000000   0.000000
            4296     6.349688053    14.026661873     0.000000000   0.000000
            4297     5.852983475    14.296784401     0.000000000   0.000000
            4298     6.203222752    14.348692894     0.000000000   0.000000
            4299    15.254597664     9.617177010     0.000000000   0.000000
            4300    15.367923737     9.130002975     0.000000000   0.000000
            4301    14.987077713     9.008597374     0.000000000   0.000000
            4302    14.889989853     9.489020348     0.000000000   0.000000
            4303    15.125558853     9.301940918     0.000000000   0.000000
            4304     1.026352644     9.982226372     0.000000000   0.000000
            4305    16.309093475    17.232543945     0.000000000   0.000000
            4306    16.142564774    16.765913010     0.000000000   0.000000
            4307    15.695078850    17.067564011     0.000000000   0.000000
            4308    16.012218475    17.126388550     0.000000000   0.000000
            4309     4.931866646    15.305780411     0.000000000   0.000000
            4310     5.047211170    14.867719650     0.000000000   0.000000
            4311     4.622590542    14.759524345     0.000000000   0.000000
            4312     4.474850178    15.276951790     0.000000000   0.000000
            4313     4.761138439    15.047224045     0.000000000   0.000000
            4314     8.958780289    13.939452171     0.000000000   0.000000
            4315     9.240600586    13.635211945     0.000000000   0.000000
            4316     8.871294975    13.382353783     0.000000000   0.000000
            4317     8.923569679    13.653661728     0.000000000   0.000000
            4318     9.852486610    13.684577942     0.000000000   0.000000
            4319    10.453149796    13.643570900     0.000000000   0.000000
            4320    10.157958031    13.660389900     0.000000000   0.000000
            4321    10.456561089     9.109347343     0.000000000   0.000000
            4322    11.049500465     9.058856010     0.000000000   0.000000
            4323    10.672540665     8.859637260     0.000000000   0.000000
            4324    12.210177422    13.236762047     0.000000000   0.000000
            4325    12.483998299    13.263220787     0.000000000   0.000000
            4326     1.053468347     7.766803265     0.000000000   0.000000
            4327     1.422470570     7.430779934     0.000000000   0.000000
            4328     1.028667212     7.014549732     0.000000000   0.000000
            4329     1.045840621     7.388492584     0.000000000   0.000000
            4330     5.134332657     6.354194164     0.000000000   0.000000
            4331     4.757423878     6.732325077     0.000000000   0.000000
            4332     5.066113472     7.000348568     0.000000000   0.000000
            4333     5.102084160     6.687501907     0.000000000   0.000000
            4334     6.639942646    11.854619980     0.000000000   0.000000
            4335     7.197154999    11.815823555     0.000000000   0.000000
            4336     7.091053963    11.316430092     0.000000000   0.000000
            4337     6.850321293    11.583329201     0.000000000   0.000000
            4338    15.744799614     9.290799141     0.000000000   0.000000
            4339    15.627479553     9.027170181     0.000000000   0.000000
            4340     6.087738037     7.776728630     0.000000000   0.000000
            4341     5.818355560     8.155953407     0.000000000   0.000000
            4342     6.092152596     8.333679199     0.000000000   0.000000
            4343     6.299477100     8.051030159     0.000000000   0.000000
            4344     6.059772015     8.070550919     0.000000000   0.000000
            4345    14.510386467     9.347431183     0.000000000   0.000000
            4346    14.676380157     8.860291481     0.000000000   0.000000
            4347    14.295503616     8.654786110     0.000000000   0.000000
            4348    14.096571922     9.161868095     0.000000000   0.000000
            4349    14.388850212     8.987958908     0.000000000   0.000000
            4350    16.789154053    15.911337852     0.000000000   0.000000
            4351    17.106204987    16.195507050     0.000000000   0.000000
            4352    17.133632660    15.843916893     0.000000000   0.000000
            4353     4.490715981     1.870659471     0.000000000   0.000000
            4354     4.917585373     2.011169195     0.000000000   0.000000
            4355     5.101923466     1.670974612     0.000000000   0.000000
            4356     4.667798519     1.494147897     0.000000000   0.000000
            4357     4.788722992     1.763110399     0.000000000   0.000000
            4358     7.836729050    17.233499527     0.000000000   0.000000
            4359     7.223356247    17.252016068     0.000000000   0.000000
            4360     7.532162666    17.242580414     0.000000000   0.000000
            4361     1.460631490    13.017955780     0.000000000   0.000000
            4362     1.096720099    12.598756790     0.000000000   0.000000
            4363     1.102823853    12.944156647     0.000000000   0.000000
            4364    15.736433983     0.230280548     0.000000000   0.000000
            4365    15.657347679     0.584069192     0.000000000   0.000000
            4366    15.462147713     0.302542269     0.000000000   0.000000
            4367     0.349927932    11.675626755     0.000000000   0.000000
            4368     3.746781826    13.932674408     0.000000000   0.000000
            4369     3.827122927    14.541126251     0.000000000   0.000000
            4370     4.076917171    14.090485573     0.000000000   0.000000
            4371     3.793371439    14.227236748     0.000000000   0.000000
            4372    12.976129532     6.265295982     0.000000000   0.000000
            4373    12.980489731     6.731945992     0.000000000   0.000000
            4374    13.246473312     6.508646488     0.000000000   0.000000
            4375    16.758888245     4.734001637     0.000000000   0.000000
            4376    16.533664703     5.275732994     0.000000000   0.000000
            4377    16.941005707     5.065389156     0.000000000   0.000000
            4378    16.637037277     4.998847961     0.000000000   0.000000
            4379    16.638248444     8.438341141     0.000000000   0.000000
            4380    16.316364288     7.916277885     0.000000000   0.000000
            4381    16.494165421     8.172197342     0.000000000   0.000000
            4382    13.562150955     3.735433102     0.000000000   0.000000
            4383    13.091439247     3.642287731     0.000000000   0.000000
            4384    13.268365860     3.885996103     0.000000000   0.000000
            4385     5.778862000     1.463563561     0.000000000   0.000000
            4386     6.371041775     1.557873249     0.000000000   0.000000
            4387     6.510832787     1.107260227     0.000000000   0.000000
            4388     5.939413548     1.033935785     0.000000000   0.000000
            4389     6.143977642     1.286496282     0.000000000   0.000000
            4390     8.583992958    11.019507408     0.000000000   0.000000
            4391     8.558378220    11.507680893     0.000000000   0.000000
            4392     8.791861534    11.231410980     0.000000000   0.000000
            4393     7.692277431     7.013222694     0.000000000   0.000000
            4394     8.046078682     6.660897255     0.000000000   0.000000
            4395     7.796571255     6.297602654     0.000000000   0.000000
            4396     7.401736736     6.671391964     0.000000000   0.000000
            4397     7.738736153     6.652181625     0.000000000   0.000000
            4398     7.304741383    11.065072060     0.000000000   0.000000
            4399    16.309682846     6.707252979     0.000000000   0.000000
            4400    16.097179413     6.326058865     0.000000000   0.000000
            4401    15.721344948     6.497184277     0.000000000   0.000000
            4402    15.980493546     6.933335781     0.000000000   0.000000
            4403    16.009227753     6.618854523     0.000000000   0.000000
            4404     6.618689060    17.195219040     0.000000000   0.000000
            4405     6.273534775    16.816465378     0.000000000   0.000000
            4406     6.296632767    17.144153595     0.000000000   0.000000
            4407    11.131755829     9.535166740     0.000000000   0.000000
            4408    11.679528236     9.083408356     0.000000000   0.000000
            4409    11.419177055     9.325681686     0.000000000   0.000000
            4410     5.465956688     5.938798428     0.000000000   0.000000
            4411     5.171024323     5.702466011     0.000000000   0.000000
            4412     4.830631256     6.101631165     0.000000000   0.000000
            4413     5.153572559     6.027157784     0.000000000   0.000000
            4414     0.661026001     6.579271793     0.000000000   0.000000
            4415     0.329407543     6.302025318     0.000000000   0.000000
            4416     0.339133263     6.630515099     0.000000000   0.000000
            4417     1.135867238     5.372179508     0.000000000   0.000000
            4418     1.316302538     4.968079567     0.000000000   0.000000
            4419     0.986221492     4.819474220     0.000000000   0.000000
            4420     1.055703044     5.112186432     0.000000000   0.000000
            4421     2.602828026     5.434644699     0.000000000   0.000000
            4422     1.965961337     5.359734535     0.000000000   0.000000
            4423     2.284332037     5.384371758     0.000000000   0.000000
            4424     5.291336536     4.445488453     0.000000000   0.000000
            4425     4.938841820     4.838557243     0.000000000   0.000000
            4426     5.232576847     5.074709415     0.000000000   0.000000
            4427     5.588816166     4.683345318     0.000000000   0.000000
            4428     5.262888908     4.760787964     0.000000000   0.000000
            4429     0.279238373     6.028734684     0.000000000   0.000000
            4430    14.803793907     9.999836922     0.000000000   0.000000
            4431    14.433199883     9.879649162     0.000000000   0.000000
            4432    14.659348488     9.680968285     0.000000000   0.000000
            4433     7.959774017     2.333488226     0.000000000   0.000000
            4434     8.510772705     2.052234888     0.000000000   0.000000
            4435     8.241545677     2.232714653     0.000000000   0.000000
            4436     4.409510612     7.095801830     0.000000000   0.000000
            4437     4.454338074     6.484920502     0.000000000   0.000000
            4438     4.417781830     6.788306236     0.000000000   0.000000
            4439    10.818262100    14.821645737     0.000000000   0.000000
            4440    11.165106773    14.502435684     0.000000000   0.000000
            4441    10.806170464    14.067421913     0.000000000   0.000000
            4442    10.825669289    14.445376396     0.000000000   0.000000
            4443    13.247264862    12.865549088     0.000000000   0.000000
            4444    13.814713478    12.934882164     0.000000000   0.000000
            4445    13.473979950    12.598068237     0.000000000   0.000000
            4446    13.527378082    12.904947281     0.000000000   0.000000
            4447     8.333506584    10.869852066     0.000000000   0.000000
            4448     2.499049425    13.328527451     0.000000000   0.000000
            4449     2.483577490    13.664734840     0.000000000   0.000000
            4450     4.130596638     1.804879546     0.000000000   0.000000
            4451     4.061934471     1.469823241     0.000000000   0.000000
            4452     3.691366911     1.573718548     0.000000000   0.000000
            4453     3.925691843     1.676211476     0.000000000   0.000000
            4454     6.626239777     9.699147224     0.000000000   0.000000
            4455     6.680029869     9.280842781     0.000000000   0.000000
            4456     6.209297657     9.631246567     0.000000000   0.000000
            4457     6.462205410     9.479476929     0.000000000   0.000000
            4458     7.191440105     5.178120613     0.000000000   0.000000
            4459     7.215579510     5.793972015     0.000000000   0.000000
            4460     7.213420391     5.479063988     0.000000000   0.000000
            4461    14.392840385    10.382699966     0.000000000   0.000000
            4462    14.029940605     9.775794029     0.000000000   0.000000
            4463    14.215134621    10.099429131     0.000000000   0.000000
            4464     3.947590590    15.187106133     0.000000000   0.000000
            4465     4.210211277    14.686716080     0.000000000   0.000000
            4466     3.867083311    14.871450424     0.000000000   0.000000
            4467     2.144160986     8.032165527     0.000000000   0.000000
            4468     2.498246670     8.456539154     0.000000000   0.000000
            4469     2.873787403     8.205055237     0.000000000   0.000000
            4470     2.508214951     8.099450111     0.000000000   0.000000
            4471     4.859708786     8.595284462     0.000000000   0.000000
            4472     5.389937878     8.501945496     0.000000000   0.000000
            4473     5.098541737     8.266234398     0.000000000   0.000000
            4474     5.130434513     8.558993340     0.000000000   0.000000
            4475    15.895404816    14.606345177     0.000000000   0.000000
            4476    16.203527451    14.271703720     0.000000000   0.000000
            4477    15.925175667    13.989140511     0.000000000   0.000000
            4478    15.881931305    14.290391922     0.000000000   0.000000
            4479     2.155776262    13.094442368     0.000000000   0.000000
            4480     1.783152342    12.743138313     0.000000000   0.000000
            4481     1.807528377    13.071768761     0.000000000   0.000000
            4482     8.449135780    17.252164841     0.000000000   0.000000
            4483     8.763338089    17.214836121     0.000000000   0.000000
            4484    11.838828087    12.917706490     0.000000000   0.000000
            4485    11.582228661    13.172195435     0.000000000   0.000000
            4486    11.972103119    13.495601654     0.000000000   0.000000
            4487    11.899844170    13.207216263     0.000000000   0.000000
            4488    15.375907898    13.261459351     0.000000000   0.000000
            4489    15.850645065    13.647773743     0.000000000   0.000000
            4490    15.592433929    13.476670265     0.000000000   0.000000
            4491     4.394513130    14.217804909     0.000000000   0.000000
            4492     4.743533611    14.272665977     0.000000000   0.000000
            4493     4.501165390    14.489174843     0.000000000   0.000000
            4494    15.236580849    16.094861984     0.000000000   0.000000
            4495    15.275785446    15.598364830     0.000000000   0.000000
            4496    14.901865959    15.614702225     0.000000000   0.000000
            4497    14.888031006    16.007532120     0.000000000   0.000000
            4498    15.082839012    15.831242561     0.000000000   0.000000
            4499    15.919751167    15.214025497     0.000000000   0.000000
            4500    16.229135513    14.827461243     0.000000000   0.000000
            4501    15.629289627    15.029352188     0.000000000   0.000000
            4502    15.912482262    14.907536507     0.000000000   0.000000
            4503     1.419925094    12.337388039     0.000000000   0.000000
            4504     2.090123892    12.467961311     0.000000000   0.000000
            4505     1.741469979    12.085927963     0.000000000   0.000000
            4506     1.762793183    12.407243729     0.000000000   0.000000
            4507     9.339626312     2.387966871     0.000000000   0.000000
            4508     9.941185951     2.727326870     0.000000000   0.000000
            4509     9.790269852     2.202521801     0.000000000   0.000000
            4510     9.637775421     2.568298101     0.000000000   0.000000
            4511    14.407208443    15.352989197     0.000000000   0.000000
            4512    14.341655731    14.853491783     0.000000000   0.000000
            4513    13.945157051    14.976108551     0.000000000   0.000000
            4514    14.169817924    15.160081863     0.000000000   0.000000
            4515     7.325885296     3.522495031     0.000000000   0.000000
            4516     7.615878105     3.067683220     0.000000000   0.000000
            4517     7.477897167     3.299302101     0.000000000   0.000000
            4518     5.675491333    10.423595428     0.000000000   0.000000
            4519     5.474468231    10.631175995     0.000000000   0.000000
            4520     8.031520844    16.996921539     0.000000000   0.000000
            4521     8.020149231    16.498867035     0.000000000   0.000000
            4522     7.996740818    16.745624542     0.000000000   0.000000
            4523     5.342341900     3.810195684     0.000000000   0.000000
            4524     4.985959053     4.211328983     0.000000000   0.000000
            4525     5.649759293     4.040936947     0.000000000   0.000000
            4526     5.317991257     4.127441406     0.000000000   0.000000
            4527    14.416480064    13.699229240     0.000000000   0.000000
            4528    14.118078232    13.295682907     0.000000000   0.000000
            4529    14.102759361    13.637804985     0.000000000   0.000000
            4530     2.460182428     3.505340576     0.000000000   0.000000
            4531     2.083848238     3.118895292     0.000000000   0.000000
            4532     1.794980764     3.372515678     0.000000000   0.000000
            4533     2.128004074     3.438839674     0.000000000   0.000000
            4534    14.474958420     3.314929485     0.000000000   0.000000
            4535    14.478832245     2.777778149     0.000000000   0.000000
            4536    14.020914078     3.282810688     0.000000000   0.000000
            4537    14.253228188     3.031420946     0.000000000   0.000000
            4538     1.164210200     1.488102674     0.000000000   0.000000
            4539    13.722065926    11.191077232     0.000000000   0.000000
            4540    13.429883957    11.010821342     0.000000000   0.000000
            4541     1.764142394     9.135203362     0.000000000   0.000000
            4542     1.753597379     9.454538345     0.000000000   0.000000
            4543     1.054104686     8.471618652     0.000000000   0.000000
            4544     1.415534139     8.182905197     0.000000000   0.000000
            4545     1.055384636     8.126250267     0.000000000   0.000000
            4546     1.071297646    12.277798653     0.000000000   0.000000
            4547    13.091685295     9.179067612     0.000000000   0.000000
            4548    13.615784645     9.064274788     0.000000000   0.000000
            4549    13.254423141     8.890521049     0.000000000   0.000000
            4550    11.830179214    11.377107620     0.000000000   0.000000
            4551    12.334087372    11.251948357     0.000000000   0.000000
            4552    11.989794731    11.076436043     0.000000000   0.000000
            4553    12.098978043    11.342729568     0.000000000   0.000000
            4554     4.674063206     3.993263960     0.000000000   0.000000
            4555     5.033282757     3.580813646     0.000000000   0.000000
            4556     4.711647034     3.350660086     0.000000000   0.000000
            4557     4.356426716     3.776631117     0.000000000   0.000000
            4558     4.691331387     3.672887087     0.000000000   0.000000
            4559     6.074806690     6.266893387     0.000000000   0.000000
            4560     6.337624073     6.232635021     0.000000000   0.000000
            4561     1.337737918     6.097170353     0.000000000   0.000000
            4562     1.145015359     5.723261833     0.000000000   0.000000
            4563     0.993912756     6.294008255     0.000000000   0.000000
            4564     1.062784791     5.986833572     0.000000000   0.000000
            4565     6.309863567     2.021979332     0.000000000   0.000000
            4566     6.868606567     2.077283859     0.000000000   0.000000
            4567     6.627549171     1.825278759     0.000000000   0.000000
            4568     8.278026581     8.248297691     0.000000000   0.000000
            4569     8.643187523     8.460073471     0.000000000   0.000000
            4570     8.866641045     7.924125671     0.000000000   0.000000
            4571     8.569503784     8.096271515     0.000000000   0.000000
            4572     8.846682549     2.020653725     0.000000000   0.000000
            4573     9.075810432     2.213535070     0.000000000   0.000000
            4574     2.379386902     2.861120701     0.000000000   0.000000
            4575     1.677132010     2.743395090     0.000000000   0.000000
            4576     2.031879425     2.803187609     0.000000000   0.000000
            4577     8.425094604     9.855820656     0.000000000   0.000000
            4578     7.970026970     9.807571411     0.000000000   0.000000
            4579     8.176347733    10.049537659     0.000000000   0.000000
            4580     6.425980091     8.391969681     0.000000000   0.000000
            4581     6.549219608     8.173056602     0.000000000   0.000000
            4582     8.164906502    14.591261864     0.000000000   0.000000
            4583     8.101226807    15.244634628     0.000000000   0.000000
            4584     8.474622726    14.859786034     0.000000000   0.000000
            4585     8.110180855    14.922378540     0.000000000   0.000000
            4586     1.409198284     8.866906166     0.000000000   0.000000
            4587     1.053214669     8.802591324     0.000000000   0.000000
            4588     7.223610401     3.896501541     0.000000000   0.000000
            4589     6.911093235     4.296969891     0.000000000   0.000000
            4590     7.217458725     4.525740623     0.000000000   0.000000
            4591     7.526909828     4.095351219     0.000000000   0.000000
            4592     7.227874279     4.197521687     0.000000000   0.000000
            4593    13.994789124     3.768429756     0.000000000   0.000000
            4594    13.620058060     3.260044098     0.000000000   0.000000
            4595    13.801335335     3.517861128     0.000000000   0.000000
            4596     2.666908503     2.604822159     0.000000000   0.000000
            4597     2.942121506     2.333513737     0.000000000   0.000000
            4598     2.593366385     1.972763062     0.000000000   0.000000
            4599     2.628851652     2.284626961     0.000000000   0.000000
            4600     5.516462326     5.309474945     0.000000000   0.000000
            4601     4.888124466     5.465941906     0.000000000   0.000000
            4602     5.200974941     5.387534618     0.000000000   0.000000
            4603    14.890393257     2.198756695     0.000000000   0.000000
            4604    14.446413994     2.167543650     0.000000000   0.000000
            4605    14.695564270     2.490058184     0.000000000   0.000000
            4606     8.771265030    12.107108116     0.000000000   0.000000
            4607     8.891170502    12.483839035     0.000000000   0.000000
            4608     9.026213646    12.224895477     0.000000000   0.000000
            4609    10.360448837     6.726279259     0.000000000   0.000000
            4610    11.052543640     6.651757717     0.000000000   0.000000
            4611    10.710538864     6.690866947     0.000000000   0.000000
            4612    16.624332428    16.581178665     0.000000000   0.000000
            4613    16.421117783    16.096641541     0.000000000   0.000000
            4614    15.991504669    16.215793610     0.000000000   0.000000
            4615    16.282333374    16.414888382     0.000000000   0.000000
            4616     7.935352325    15.669654846     0.000000000   0.000000
            4617     8.434627533    15.812170982     0.000000000   0.000000
            4618     8.236313820    15.539364815     0.000000000   0.000000
            4619    11.538280487    14.763468742     0.000000000   0.000000
            4620    11.718331337    15.062026024     0.000000000   0.000000
            4621    11.904123306    17.179105759     0.000000000   0.000000
            4622    11.691522598    16.869165421     0.000000000   0.000000
            4623    11.570371628    17.181171417     0.000000000   0.000000
            4624    16.802936554    12.330307961     0.000000000   0.000000
            4625    17.141618729    12.336991310     0.000000000   0.000000
            4626    14.704138756    13.445368767     0.000000000   0.000000
            4627    14.729106903    13.748663902     0.000000000   0.000000
            4628    13.504467964     1.779564023     0.000000000   0.000000
            4629    13.027572632     1.806980133     0.000000000   0.000000
            4630    13.292726517     2.004497290     0.000000000   0.000000
            4631    11.089065552     1.580552936     0.000000000   0.000000
            4632    10.856277466     1.085333467     0.000000000   0.000000
            4633    10.529961586     1.298430324     0.000000000   0.000000
            4634    10.804065704     1.419640899     0.000000000   0.000000
            4635     5.387228966     3.175916910     0.000000000   0.000000
            4636     5.686870575     3.404093504     0.000000000   0.000000
            4637     5.363367081     3.494582176     0.000000000   0.000000
            4638     0.668350995     4.578158855     0.000000000   0.000000
            4639     1.252698779     4.414514065     0.000000000   0.000000
            4640     0.967794299     4.483796120     0.000000000   0.000000
            4641     8.654456139     9.351575851     0.000000000   0.000000
            4642     8.663506508     9.008563042     0.000000000   0.000000
            4643     8.827911377     9.170732498     0.000000000   0.000000
            4644    14.496145248     3.742597580     0.000000000   0.000000
            4645    14.241944313     3.951981068     0.000000000   0.000000
            4646     5.302099705    12.815325737     0.000000000   0.000000
            4647     5.855139732    13.153459549     0.000000000   0.000000
            4648     5.570914745    12.977057457     0.000000000   0.000000
            4649     8.473823547     5.979207516     0.000000000   0.000000
            4650     8.394817352     6.520682812     0.000000000   0.000000
            4651     8.625900269     6.289858818     0.000000000   0.000000
            4652    16.487541199    15.677673340     0.000000000   0.000000
            4653    16.492359161    15.030163765     0.000000000   0.000000
            4654    16.168380737    15.456977844     0.000000000   0.000000
            4655    16.477035522    15.365736008     0.000000000   0.000000
            4656    15.352812767     8.251194000     0.000000000   0.000000
            4657    14.909949303     8.299891472     0.000000000   0.000000
            4658    14.970512390     8.634870529     0.000000000   0.000000
            4659    15.136976242     8.439399719     0.000000000   0.000000
            4660    15.087951660     7.235812664     0.000000000   0.000000
            4661    14.685680389     7.072981834     0.000000000   0.000000
            4662    14.992106438     7.609080791     0.000000000   0.000000
            4663    14.807421684     7.355598450     0.000000000   0.000000
            4664    17.057134628    16.544002533     0.000000000   0.000000
            4665     3.235618114     9.119307518     0.000000000   0.000000
            4666     3.368148327     9.781783104     0.000000000   0.000000
            4667     3.654820442     9.249315262     0.000000000   0.000000
            4668     3.308560610     9.435151100     0.000000000   0.000000
            4669     2.617209196    10.668306351     0.000000000   0.000000
            4670     2.347301245    10.681552887     0.000000000   0.000000
            4671     1.672212958     5.745042801     0.000000000   0.000000
            4672     1.639271498     5.129959106     0.000000000   0.000000
            4673     1.396659017     5.516781807     0.000000000   0.000000
            4674     1.664484859     5.439675808     0.000000000   0.000000
            4675     8.804916382     1.020668507     0.000000000   0.000000
            4676     8.634154320     0.592840910     0.000000000   0.000000
            4677     8.357490540     0.714123785     0.000000000   0.000000
            4678     8.583211899     0.864505053     0.000000000   0.000000
            4679    14.444411278     6.742875099     0.000000000   0.000000
            4680    14.349882126     6.301165104     0.000000000   0.000000
            4681    14.208606720     6.549354076     0.000000000   0.000000
            4682     5.852820873    13.626790047     0.000000000   0.000000
            4683     6.274225235    13.616841316     0.000000000   0.000000
            4684     6.239360332    13.113189697     0.000000000   0.000000
            4685     6.065721989    13.394860268     0.000000000   0.000000
            4686    11.632877350     2.003354073     0.000000000   0.000000
            4687    11.482332230     1.409740329     0.000000000   0.000000
            4688    11.368221283     1.781649709     0.000000000   0.000000
            4689    11.539927483    12.533575058     0.000000000   0.000000
            4690    11.309341431    12.111297607     0.000000000   0.000000
            4691    11.247289658    12.775939941     0.000000000   0.000000
            4692    11.269478798    12.429801941     0.000000000   0.000000
            4693    15.814717293     5.314780712     0.000000000   0.000000
            4694    15.413404465     4.895888329     0.000000000   0.000000
            4695    15.635756493     5.088928223     0.000000000   0.000000
            4696    11.594830513     7.613463879     0.000000000   0.000000
            4697    11.873000145     7.636006355     0.000000000   0.000000
            4698    11.936293602     7.240520477     0.000000000   0.000000
            4699    11.764158249     7.427257538     0.000000000   0.000000
            4700     4.907371998    12.755402565     0.000000000   0.000000
            4701     4.641304970    12.981319427     0.000000000   0.000000
            4702     6.551375389    16.586746216     0.000000000   0.000000
            4703     6.860670090    16.953910828     0.000000000   0.000000
            4704     6.874835491    16.376396179     0.000000000   0.000000
            4705     6.843810081    16.654314041     0.000000000   0.000000
            4706    13.067583084     5.456674576     0.000000000   0.000000
            4707    12.989754677     5.852800369     0.000000000   0.000000
            4708    13.266550064     5.683338165     0.000000000   0.000000
            4709     9.426019669     7.522197247     0.000000000   0.000000
            4710     9.721973419     7.425263405     0.000000000   0.000000
            4711    10.578965187     2.876094341     0.000000000   0.000000
            4712    10.258363724     2.814902067     0.000000000   0.000000
            4713     7.897663116    14.296988487     0.000000000   0.000000
            4714     8.579037666    14.247479439     0.000000000   0.000000
            4715     8.240238190    14.272649765     0.000000000   0.000000
            4716     3.405898809     1.707948446     0.000000000   0.000000
            4717     3.491618395     1.468595505     0.000000000   0.000000
            4718     4.639774323     4.620769024     0.000000000   0.000000
            4719     4.338815689     4.417069912     0.000000000   0.000000
            4720     4.657339573     4.308365345     0.000000000   0.000000
            4721    15.833543777     7.635213852     0.000000000   0.000000
            4722    15.826392174     7.233254433     0.000000000   0.000000
            4723    15.470552444     7.194529057     0.000000000   0.000000
            4724    15.445407867     7.646028996     0.000000000   0.000000
            4725    15.646647453     7.420917988     0.000000000   0.000000
            4726    15.496042252    11.193602562     0.000000000   0.000000
            4727    15.903202057    11.338764191     0.000000000   0.000000
            4728    15.615854263    10.797582626     0.000000000   0.000000
            4729    15.772752762    11.073792458     0.000000000   0.000000
            4730     5.370728970    14.561168671     0.000000000   0.000000
            4731     5.602031231    13.952054024     0.000000000   0.000000
            4732     5.130168915    14.161053658     0.000000000   0.000000
            4733     5.481901646    14.244480133     0.000000000   0.000000
            4734     2.476979256    12.310292244     0.000000000   0.000000
            4735     2.412477016    11.888223648     0.000000000   0.000000
            4736     2.707172632    12.063161850     0.000000000   0.000000
            4737     3.856627703    15.626752853     0.000000000   0.000000
            4738     4.355846882    15.733018875     0.000000000   0.000000
            4739     4.145519257    15.456520081     0.000000000   0.000000
            4740     7.206651688     0.886108935     0.000000000   0.000000
            4741     6.748821259     0.690219223     0.000000000   0.000000
            4742     6.870209217     0.983121932     0.000000000   0.000000
            4743    14.577961922     5.838606834     0.000000000   0.000000
            4744    14.920273781     5.963748932     0.000000000   0.000000
            4745    14.791114807     5.726929665     0.000000000   0.000000
            4746     4.604372978     5.243212223     0.000000000   0.000000
            4747     4.317366600     5.039782524     0.000000000   0.000000
            4748     4.622803688     4.932912827     0.000000000   0.000000
            4749    10.997799873    13.087780952     0.000000000   0.000000
            4750    11.277596474    13.116536140     0.000000000   0.000000
            4751     7.290957451    16.232137680     0.000000000   0.000000
            4752     7.030331135    16.126907349     0.000000000   0.000000
            4753    12.155837059     3.046222687     0.000000000   0.000000
            4754    11.923549652     3.694355011     0.000000000   0.000000
            4755    12.021446228     3.361900091     0.000000000   0.000000
            4756    16.057054520     5.911959171     0.000000000   0.000000
            4757    16.210336685     5.507821560     0.000000000   0.000000
            4758    15.925693512     5.610506535     0.000000000   0.000000
            4759    10.044261932     6.775334835     0.000000000   0.000000
            4760     6.550900459     4.726200581     0.000000000   0.000000
            4761     6.239550591     4.490756989     0.000000000   0.000000
            4762     6.575172424     4.395044327     0.000000000   0.000000
            4763    14.962205887    13.138357162     0.000000000   0.000000
            4764    14.609618187    12.819960594     0.000000000   0.000000
            4765    14.359975815    13.062404633     0.000000000   0.000000
            4766    14.662995338    13.128827095     0.000000000   0.000000
            4767     1.140168548     3.233848572     0.000000000   0.000000
            4768     0.779126883     2.892095804     0.000000000   0.000000
            4769     0.566495299     3.113983393     0.000000000   0.000000
            4770     0.849686205     3.183669567     0.000000000   0.000000
            4771    11.563424110     6.519258499     0.000000000   0.000000
            4772    11.926906586     6.797834396     0.000000000   0.000000
            4773    11.752448082     6.631250381     0.000000000   0.000000
            4774     4.199329853    10.707467079     0.000000000   0.000000
            4775     4.430509567    11.250445366     0.000000000   0.000000
            4776     4.532635212    10.801764488     0.000000000   0.000000
            4777     4.306043148    10.989829063     0.000000000   0.000000
            4778    12.557530403     7.772596359     0.000000000   0.000000
            4779    12.860158920     7.978467464     0.000000000   0.000000
            4780    15.434920311    10.209511757     0.000000000   0.000000
            4781    15.290855408    10.642308235     0.000000000   0.000000
            4782    15.517232895    10.505634308     0.000000000   0.000000
            4783     8.143439293     5.816717625     0.000000000   0.000000
            4784     7.484331131     6.031513214     0.000000000   0.000000
            4785     7.815024376     5.936824322     0.000000000   0.000000
            4786     5.961776733     2.989998817     0.000000000   0.000000
            4787     5.996393204     3.604032993     0.000000000   0.000000
            4788     5.988907814     3.288619995     0.000000000   0.000000
            4789     4.306782722     8.890288353     0.000000000   0.000000
            4790     4.588526249     8.732254982     0.000000000   0.000000
            4791     2.543936491     1.654644489     0.000000000   0.000000
            4792     6.858521938     4.973214149     0.000000000   0.000000
            4793     6.164406776     5.136568546     0.000000000   0.000000
            4794     6.509769917     5.058582783     0.000000000   0.000000
            4795    10.630748749    12.966416359     0.000000000   0.000000
            4796    10.396553993    12.774924278     0.000000000   0.000000
            4797     5.734311581    14.967830658     0.000000000   0.000000
            4798     6.402143478    15.085330009     0.000000000   0.000000
            4799     6.074742317    15.042474747     0.000000000   0.000000
            4800     2.943245173     5.818186283     0.000000000   0.000000
            4801     2.894982338     5.194580078     0.000000000   0.000000
            4802     2.912743330     5.500726700     0.000000000   0.000000
            4803    13.504650116    16.313484192     0.000000000   0.000000
            4804    13.098082542    15.783681870     0.000000000   0.000000
            4805    13.323320389    16.037172318     0.000000000   0.000000
            4806    13.546993256    14.989052773     0.000000000   0.000000
            4807    13.055101395    14.897488594     0.000000000   0.000000
            4808    13.027392387    15.290028572     0.000000000   0.000000
            4809    13.274043083    15.128255844     0.000000000   0.000000
            4810     2.134925604     8.742972374     0.000000000   0.000000
            4811     1.771599650     8.463984489     0.000000000   0.000000
            4812     1.769138217     8.803142548     0.000000000   0.000000
            4813     4.550912857     5.865804195     0.000000000   0.000000
            4814     4.286126614     5.645637035     0.000000000   0.000000
            4815     4.581181526     5.554409027     0.000000000   0.000000
            4816    16.552511215     6.340302944     0.000000000   0.000000
            4817    16.584871292     6.976494789     0.000000000   0.000000
            4818    16.610740662     6.648103237     0.000000000   0.000000
            4819     7.369413376     2.215680838     0.000000000   0.000000
            4820     6.823973656     2.443336248     0.000000000   0.000000
            4821     7.249848843     2.508069754     0.000000000   0.000000
            4822     7.079781055     2.300446510     0.000000000   0.000000
            4823    14.459645271    15.736780167     0.000000000   0.000000
            4824    14.657279015    15.481791496     0.000000000   0.000000
            4825     0.307107747     4.377500057     0.000000000   0.000000
            4826     0.338262051     4.719109058     0.000000000   0.000000
            4827    17.196966171     3.715145111     0.000000000   0.000000
            4828    16.828781128     4.162882328     0.000000000   0.000000
            4829    17.204061508     4.087175846     0.000000000   0.000000
            4830    17.011816025     3.927759409     0.000000000   0.000000
            4831     9.418630600    15.617632866     0.000000000   0.000000
            4832     8.936080933    15.950091362     0.000000000   0.000000
            4833     9.433598518    16.032157898     0.000000000   0.000000
            4834     9.208683014    15.808459282     0.000000000   0.000000
            4835     8.408235550    16.133010864     0.000000000   0.000000
            4836     7.952826500    16.132995605     0.000000000   0.000000
            4837     8.187471390    16.297803879     0.000000000   0.000000
            4838    12.435791969     5.800358772     0.000000000   0.000000
            4839    12.713829041     6.028593540     0.000000000   0.000000
            4840    11.882152557     1.151726365     0.000000000   0.000000
            4841    12.195172310     1.557176113     0.000000000   0.000000
            4842    12.622533798     1.283167720     0.000000000   0.000000
            4843    12.267940521     1.199941158     0.000000000   0.000000
            4844     2.865598917     8.891928673     0.000000000   0.000000
            4845     2.508089066     8.812484741     0.000000000   0.000000
            4846    16.591266632    10.173035622     0.000000000   0.000000
            4847    16.679471970    10.426595688     0.000000000   0.000000
            4848     6.923645020    17.228902817     0.000000000   0.000000
            4849     1.557480454     4.555644035     0.000000000   0.000000
            4850     1.608868957     4.834488392     0.000000000   0.000000
            4851    11.287923813     6.291098595     0.000000000   0.000000
            4852    11.082481384     5.665022850     0.000000000   0.000000
            4853    11.189805031     5.986069202     0.000000000   0.000000
            4854     2.851566315     4.554858208     0.000000000   0.000000
            4855     3.147264004     4.272660732     0.000000000   0.000000
            4856     2.814177513     3.911692142     0.000000000   0.000000
            4857     2.831521034     4.231296539     0.000000000   0.000000
            4858     9.096765518    14.707312584     0.000000000   0.000000
            4859     9.428893089    15.017851830     0.000000000   0.000000
            4860     9.723643303    14.817562103     0.000000000   0.000000
            4861     9.399355888    14.467432976     0.000000000   0.000000
            4862     9.404194832    14.747106552     0.000000000   0.000000
            4863     3.106895924     3.609272480     0.000000000   0.000000
            4864     2.756991386     3.252855062     0.000000000   0.000000
            4865     2.785046816     3.576097488     0.000000000   0.000000
            4866     9.871565819     0.256398529     0.000000000   0.000000
            4867    10.092986107     0.531416774     0.000000000   0.000000
            4868    10.140782356     0.272639692     0.000000000   0.000000
            4869    12.230382919    17.176084518     0.000000000   0.000000
            4870    12.248736382     7.248567104     0.000000000   0.000000
            4871    12.089666367     7.012272358     0.000000000   0.000000
            4872     3.231015444     2.169950008     0.000000000   0.000000
            4873     3.323708534     1.950044870     0.000000000   0.000000
            4874     7.873027802     8.201655388     0.000000000   0.000000
            4875     7.731687546     7.739789486     0.000000000   0.000000
            4876     7.538866520     8.022125244     0.000000000   0.000000
            4877     4.182337284     7.482363701     0.000000000   0.000000
            4878     4.833518982     7.330871105     0.000000000   0.000000
            4879     4.512785435     7.404564381     0.000000000   0.000000
            4880     7.109482765     6.413825989     0.000000000   0.000000
            4881     7.173951626     6.100438118     0.000000000   0.000000
            4882     2.428705454    12.697610855     0.000000000   0.000000
            4883     2.791102648    12.920896530     0.000000000   0.000000
            4884     2.477880955    12.997124672     0.000000000   0.000000
            4885    15.022794724     6.821859837     0.000000000   0.000000
            4886    15.386880875     6.692894459     0.000000000   0.000000
            4887    15.260354042     6.983643532     0.000000000   0.000000
            4888     8.829666138     1.511542916     0.000000000   0.000000
            4889     9.169985771     1.003596425     0.000000000   0.000000
            4890     8.995796204     1.242486238     0.000000000   0.000000
            4891     9.539623260     0.943171084     0.000000000   0.000000
            4892     9.989774704     1.285691619     0.000000000   0.000000
            4893     9.926180840     0.860751510     0.000000000   0.000000
            4894     9.757919312     1.117373347     0.000000000   0.000000
            4895    12.815205574     9.500160217     0.000000000   0.000000
            4896    12.542033195     9.683409691     0.000000000   0.000000
            4897     2.011475801    11.824218750     0.000000000   0.000000
            4898     1.712088704    11.783787727     0.000000000   0.000000
            4899     4.752182484    15.941200256     0.000000000   0.000000
            4900     4.459078312    16.075635910     0.000000000   0.000000
            4901    10.915781021    10.270812988     0.000000000   0.000000
            4902    10.826232910    10.613521576     0.000000000   0.000000
            4903    10.625014305    10.371657372     0.000000000   0.000000
            4904     5.735196590     8.907352448     0.000000000   0.000000
            4905     6.047412872     8.615719795     0.000000000   0.000000
            4906     5.696593761     8.575182915     0.000000000   0.000000
            4907     5.869081497     8.740929604     0.000000000   0.000000
            4908    11.376446724     5.336976528     0.000000000   0.000000
            4909    11.005946159     5.322090626     0.000000000   0.000000
            4910    13.447786331    11.991145134     0.000000000   0.000000
            4911    13.838339806    11.859279633     0.000000000   0.000000
            4912    13.805836678    11.517871857     0.000000000   0.000000
            4913    13.609928131    11.743103027     0.000000000   0.000000
            4914    11.824609756     8.792796135     0.000000000   0.000000
            4915    13.212536812     3.253576756     0.000000000   0.000000
            4916    13.417761803     3.000344753     0.000000000   0.000000
            4917    15.584958076     1.037811875     0.000000000   0.000000
            4918    15.978171349     0.687751174     0.000000000   0.000000
            4919    15.787148476     0.843295276     0.000000000   0.000000
            4920    16.542129517    14.366106033     0.000000000   0.000000
            4921    16.337604523    13.878175735     0.000000000   0.000000
            4922    16.464134216    14.097332954     0.000000000   0.000000
            4923     3.879371643     7.631905556     0.000000000   0.000000
            4924    15.423731804    16.737842560     0.000000000   0.000000
            4925    15.613313675    16.230432510     0.000000000   0.000000
            4926    15.353237152    16.402420044     0.000000000   0.000000
            4927     4.355459690    11.594182968     0.000000000   0.000000
            4928     4.719853401    11.682914734     0.000000000   0.000000
            4929     4.597510338    11.456399918     0.000000000   0.000000
            4930    15.186102867     1.561159015     0.000000000   0.000000
            4931    15.555297852     1.549848437     0.000000000   0.000000
            4932    15.376329422     1.286809325     0.000000000   0.000000
            4933    16.658008575     9.093980789     0.000000000   0.000000
            4934    16.589866638     9.418956757     0.000000000   0.000000
            4935    16.873991013     9.456029892     0.000000000   0.000000
            4936    16.973054886     9.149774551     0.000000000   0.000000
            4937    16.782289505     9.279710770     0.000000000   0.000000
            4938     5.952734947     9.923316956     0.000000000   0.000000
            4939     6.172897339    10.244484901     0.000000000   0.000000
            4940     5.851738930    10.178129196     0.000000000   0.000000
            4941     3.181457758     4.916873932     0.000000000   0.000000
            4942     2.871388197     4.873028755     0.000000000   0.000000
            4943     1.788348079     7.740023136     0.000000000   0.000000
            4944     1.794332266     7.371439457     0.000000000   0.000000
            4945    16.398595810    12.229089737     0.000000000   0.000000
            4946    16.542732239    12.509248734     0.000000000   0.000000
            4947     5.091886997     2.932073116     0.000000000   0.000000
            4948     4.711061001     2.735438824     0.000000000   0.000000
            4949     4.731168270     3.030918837     0.000000000   0.000000
            4950     4.036213398     9.422305107     0.000000000   0.000000
            4951     3.989283562     9.066665649     0.000000000   0.000000
            4952    14.931738853     7.965393066     0.000000000   0.000000
            4953    15.394204140     7.976970196     0.000000000   0.000000
            4954    15.192815781     7.808616638     0.000000000   0.000000
            4955    14.186079979    11.129296303     0.000000000   0.000000
            4956    14.612171173    10.998909950     0.000000000   0.000000
            4957    14.471180916    10.718030930     0.000000000   0.000000
            4958    14.343007088    10.916751862     0.000000000   0.000000
            4959    10.768567085    15.577619553     0.000000000   0.000000
            4960    10.447381973    15.774443626     0.000000000   0.000000
            4961    10.745344162    16.231073380     0.000000000   0.000000
            4962    10.741450310    15.904501915     0.000000000   0.000000
            4963     3.034520388     2.957062721     0.000000000   0.000000
            4964     2.711153030     2.925230265     0.000000000   0.000000
            4965     0.298348844     3.292024374     0.000000000   0.000000
            4966     0.302654713     3.948607445     0.000000000   0.000000
            4967     0.314938575     3.630589247     0.000000000   0.000000
            4968     9.221836090     5.270520687     0.000000000   0.000000
            4969     9.536885262     5.356965542     0.000000000   0.000000
            4970    12.364447594     5.344205856     0.000000000   0.000000
            4971    11.838497162     5.423408985     0.000000000   0.000000
            4972    12.127732277     5.604185581     0.000000000   0.000000
            4973     8.302783966     9.480415344     0.000000000   0.000000
            4974     8.757171631     9.736605644     0.000000000   0.000000
            4975     8.545673370     9.597727776     0.000000000   0.000000
            4976    14.433070183     8.305180550     0.000000000   0.000000
            4977    14.673529625     8.132423401     0.000000000   0.000000
            4978     4.949839115     1.100921392     0.000000000   0.000000
            4979     4.355594635     1.276364088     0.000000000   0.000000
            4980     4.637744904     1.194641232     0.000000000   0.000000
            4981    15.126865387    11.191735268     0.000000000   0.000000
            4982    15.417796135    11.628125191     0.000000000   0.000000
            4983    15.288043976    11.395279884     0.000000000   0.000000
            4984    12.913089752     3.405676365     0.000000000   0.000000
            4985    11.970332146     4.401165485     0.000000000   0.000000
            4986    11.718838692     5.069431782     0.000000000   0.000000
            4987    12.222242355     4.823967457     0.000000000   0.000000
            4988    11.859945297     4.745469093     0.000000000   0.000000
            4989     6.831742287    13.805984497     0.000000000   0.000000
            4990     6.534996033    13.734157562     0.000000000   0.000000
            4991    13.605422974     9.668110847     0.000000000   0.000000
            4992    13.841487885     9.404906273     0.000000000   0.000000
            4993    15.647398949     2.048680305     0.000000000   0.000000
            4994    15.762114525     1.770304799     0.000000000   0.000000
            4995    12.080400467     2.507931471     0.000000000   0.000000
            4996    12.300954819     2.726049423     0.000000000   0.000000
            4997    12.167250633     7.723762035     0.000000000   0.000000
            4998    11.690288544     7.962664604     0.000000000   0.000000
            4999    11.939941406     7.878664017     0.000000000   0.000000
            5000    10.490995407    16.513933182     0.000000000   0.000000
            5001    10.126034737    16.014717102     0.000000000   0.000000
            5002     9.802592278    16.304742813     0.000000000   0.000000
            5003    10.131207466    16.403490067     0.000000000   0.000000
            5004     8.365605354     8.861769676     0.000000000   0.000000
            5005     8.032369614     8.574347496     0.000000000   0.000000
            5006     7.771999359     8.843268394     0.000000000   0.000000
            5007     8.086094856     9.169566154     0.000000000   0.000000
            5008     8.063972473     8.859568596     0.000000000   0.000000
            5009     5.944620609     4.261029243     0.000000000   0.000000
            5010     5.877471924     4.912993431     0.000000000   0.000000
            5011     5.912418365     4.588689327     0.000000000   0.000000
            5012     7.004014015    14.089824677     0.000000000   0.000000
            5013     6.783323288    14.711241722     0.000000000   0.000000
            5014     7.227604866    14.373292923     0.000000000   0.000000
            5015     6.888075829    14.392626762     0.000000000   0.000000
            5016     7.715928078    12.241333008     0.000000000   0.000000
            5017     7.468273640    12.049396515     0.000000000   0.000000
            5018     1.516612530     3.609915257     0.000000000   0.000000
            5019     1.398524880     2.988389730     0.000000000   0.000000
            5020     1.461903572     3.300575018     0.000000000   0.000000
            5021     4.070650578    10.066148758     0.000000000   0.000000
            5022     4.125452995    10.388286591     0.000000000   0.000000
            5023     5.832776546     9.394975662     0.000000000   0.000000
            5024     5.917647362     9.657999992     0.000000000   0.000000
            5025     8.821846962    14.489450455     0.000000000   0.000000
            5026     8.794805527    14.772997856     0.000000000   0.000000
            5027    17.242910385     1.011239171     0.000000000   0.000000
            5028    16.957960129     1.210288763     0.000000000   0.000000
            5029    17.168512344     1.615505576     0.000000000   0.000000
            5030    17.216329575     1.309864044     0.000000000   0.000000
            5031     3.739201069     4.037666798     0.000000000   0.000000
            5032     4.042067528     4.231555462     0.000000000   0.000000
            5033     4.042021751     3.902502298     0.000000000   0.000000
            5034    15.395085335     4.584348202     0.000000000   0.000000
            5035    15.182655334     4.727580070     0.000000000   0.000000
            5036     6.385406971     2.507807732     0.000000000   0.000000
            5037     6.642518044     2.641604900     0.000000000   0.000000
            5038     3.737624884     9.924415588     0.000000000   0.000000
            5039     3.119579554    10.295859337     0.000000000   0.000000
            5040     3.421224594    10.104922295     0.000000000   0.000000
            5041    11.073976517     9.938491821     0.000000000   0.000000
            5042    10.559580803     9.470316887     0.000000000   0.000000
            5043    10.840329170     9.689147949     0.000000000   0.000000
            5044    15.372740746    17.107770920     0.000000000   0.000000
            5045    12.710798264    15.804321289     0.000000000   0.000000
            5046    12.864680290    15.548688889     0.000000000   0.000000
            5047     3.387612581     3.160245180     0.000000000   0.000000
            5048     3.251932144     2.545653820     0.000000000   0.000000
            5049     3.328155518     2.836530209     0.000000000   0.000000
            5050     4.608710289    13.856614113     0.000000000   0.000000
            5051     4.342512608    13.942184448     0.000000000   0.000000
            5052    12.038505554    13.768908501     0.000000000   0.000000
            5053    16.738428116     1.720571160     0.000000000   0.000000
            5054    16.796060562     2.057449102     0.000000000   0.000000
            5055    17.190608978     2.002567768     0.000000000   0.000000
            5056    16.986009598     1.839714050     0.000000000   0.000000
            5057     4.180110931     6.245343685     0.000000000   0.000000
            5058     4.504664421     6.176424503     0.000000000   0.000000
            5059     1.661172748     6.059862137     0.000000000   0.000000
            5060     4.353370190     2.266531229     0.000000000   0.000000
            5061     4.249724388     2.021206856     0.000000000   0.000000
            5062    16.415958405     9.681798935     0.000000000   0.000000
            5063    16.504661560     9.929733276     0.000000000   0.000000
            5064     8.500561714    12.428888321     0.000000000   0.000000
            5065     8.818007469    12.854998589     0.000000000   0.000000
            5066     8.643415451    12.639480591     0.000000000   0.000000
            5067    11.931131363    16.229660034     0.000000000   0.000000
            5068    12.355139732    15.920170784     0.000000000   0.000000
            5069    12.042325020    15.906447411     0.000000000   0.000000
            5070     2.998269558     6.120609760     0.000000000   0.000000
            5071     9.286396027     8.072992325     0.000000000   0.000000
            5072     9.148184776     7.721823215     0.000000000   0.000000
            5073     3.211872101     8.685114861     0.000000000   0.000000
            5074     3.239342213     8.340395927     0.000000000   0.000000
            5075    13.708186150    12.361959457     0.000000000   0.000000
            5076    13.439955711    12.289422989     0.000000000   0.000000
            5077    16.073587418    11.669344902     0.000000000   0.000000
            5078    16.007577896    12.204935074     0.000000000   0.000000
            5079    16.474561691    11.685800552     0.000000000   0.000000
            5080    16.244876862    11.925613403     0.000000000   0.000000
            5081    13.179837227     9.607188225     0.000000000   0.000000
            5082    13.379635811     9.941596985     0.000000000   0.000000
            5083    17.030376434     4.484805107     0.000000000   0.000000
            5084    16.544889450     4.335483551     0.000000000   0.000000
            5085    16.787443161     4.443936825     0.000000000   0.000000
            5086    16.608146667     8.788761139     0.000000000   0.000000
            5087    16.319158554     9.199738503     0.000000000   0.000000
            5088    16.450231552     8.984198570     0.000000000   0.000000
            5089     5.790822983     5.528306961     0.000000000   0.000000
            5090     5.836125851     5.223214149     0.000000000   0.000000
            5091    14.038332939    12.705811501     0.000000000   0.000000
            5092    14.269437790    12.488519669     0.000000000   0.000000
            5093    13.955248833    12.165686607     0.000000000   0.000000
            5094    13.989554405    12.430868149     0.000000000   0.000000
            5095     5.478166580     2.514573812     0.000000000   0.000000
            5096     5.726567745     2.784598827     0.000000000   0.000000
            5097     5.423734188     2.846133947     0.000000000   0.000000
            5098    13.537735939    16.950912476     0.000000000   0.000000
            5099    13.456131935    17.229896545     0.000000000   0.000000
            5100    15.012041092    10.550882339     0.000000000   0.000000
            5101    15.127590179    10.107900620     0.000000000   0.000000
            5102    14.701234818    10.464823723     0.000000000   0.000000
            5103    14.910823822    10.293857574     0.000000000   0.000000
            5104    15.527145386    12.735993385     0.000000000   0.000000
            5105    15.253866196    12.964905739     0.000000000   0.000000
            5106    14.823540688     6.508795261     0.000000000   0.000000
            5107    14.732560158     6.785484314     0.000000000   0.000000
            5108    16.509656906     5.912678242     0.000000000   0.000000
            5109    16.314575195     6.122137547     0.000000000   0.000000
            5110    16.540025711     2.872149944     0.000000000   0.000000
            5111    16.190904617     2.780693531     0.000000000   0.000000
            5112    16.305374146     3.061654806     0.000000000   0.000000
            5113    15.169519424     6.244134903     0.000000000   0.000000
            5114    14.652470589     6.210747719     0.000000000   0.000000
            5115    14.896913528     6.237380028     0.000000000   0.000000
            5116     7.196499348     4.860310078     0.000000000   0.000000
            5117    15.846391678     7.974496841     0.000000000   0.000000
            5118    16.289869308     7.531275272     0.000000000   0.000000
            5119    16.082246780     7.769642830     0.000000000   0.000000
            5120    10.182836533     4.384857655     0.000000000   0.000000
            5121    10.252078056     4.686781406     0.000000000   0.000000
            5122    16.744258881     2.606769085     0.000000000   0.000000
            5123    17.005678177     2.384092331     0.000000000   0.000000
            5124    16.754716873     2.336220503     0.000000000   0.000000
            5125    17.249673843     9.371663094     0.000000000   0.000000
            5126    17.230985641     9.161119461     0.000000000   0.000000
            5127    15.446566582     6.363803864     0.000000000   0.000000
            5128     7.561817646    14.337112427     0.000000000   0.000000
            5129    15.028863907    10.873628616     0.000000000   0.000000
            5130    14.711673737    11.286450386     0.000000000   0.000000
            5131    14.880879402    11.079160690     0.000000000   0.000000
            5132    11.810444832    16.542123795     0.000000000   0.000000
            5133    16.068845749     9.447227478     0.000000000   0.000000
            5134    16.341339111     9.439433098     0.000000000   0.000000
            5135     1.780695915     8.104970932     0.000000000   0.000000
            5136    10.734256744    13.363515854     0.000000000   0.000000
            5137    10.758514404    13.700355530     0.000000000   0.000000
            5138     5.384246349    15.195462227     0.000000000   0.000000
            5139     5.388289928    14.888454437     0.000000000   0.000000
            5140     5.143480301    16.237205505     0.000000000   0.000000
            5141     5.338963985    15.956041336     0.000000000   0.000000
            5142     5.040010929    15.668361664     0.000000000   0.000000
            5143     5.050201416    15.948347092     0.000000000   0.000000
            5144     7.053809166     7.026245117     0.000000000   0.000000
            5145     7.059354782     6.728459358     0.000000000   0.000000
            5146    15.576613426     9.737406731     0.000000000   0.000000
            5147    15.818543434     9.573323250     0.000000000   0.000000
            5148    12.616431236     1.744865298     0.000000000   0.000000
            5149    12.840233803     1.526091576     0.000000000   0.000000
            5150    16.674736023     1.401255012     0.000000000   0.000000
            5151    16.501859665     1.613313198     0.000000000   0.000000
            5152     5.645923138    16.440582275     0.000000000   0.000000
            5153     6.167016029    16.444610596     0.000000000   0.000000
            5154     5.698105335    16.084884644     0.000000000   0.000000
            5155     5.927289486    16.274574280     0.000000000   0.000000
            5156    16.320884705     0.256089449     0.000000000   0.000000
            5157    16.612073898     0.326447606     0.000000000   0.000000
            5158     4.827219009     2.351529360     0.000000000   0.000000
            5159     4.544248104     2.495309830     0.000000000   0.000000
            5160    10.108205795    15.263546944     0.000000000   0.000000
            5161     9.780987740    15.479773521     0.000000000   0.000000
            5162    10.115728378    15.633081436     0.000000000   0.000000
            5163     6.240745544    11.980359077     0.000000000   0.000000
            5164     6.415733814    12.484312057     0.000000000   0.000000
            5165     6.515830517    12.160463333     0.000000000   0.000000
            5166    12.591056824     7.278220177     0.000000000   0.000000
            5167    12.388664246     7.510304928     0.000000000   0.000000
            5168    12.773413658     5.190095425     0.000000000   0.000000
            5169    12.507216454     5.005971432     0.000000000   0.000000
            5170    10.444026947    15.035540581     0.000000000   0.000000
            5171    10.083986282    14.918957710     0.000000000   0.000000
            5172     5.490162373     8.101442337     0.000000000   0.000000
            5173     5.228626251     7.998131275     0.000000000   0.000000
            5174    12.049063683     1.970435143     0.000000000   0.000000
            5175    12.330644608     1.848678589     0.000000000   0.000000
            5176    17.278804779     2.569420099     0.000000000   0.000000
            5177    17.251789093     2.277207613     0.000000000   0.000000
            5178     2.863335133    10.501834869     0.000000000   0.000000
            5179     3.431383848     3.841683865     0.000000000   0.000000
            5180     3.460076332     4.508975506     0.000000000   0.000000
            5181     3.445538759     4.172211647     0.000000000   0.000000
            5182    13.095726013     5.064201832     0.000000000   0.000000
            5183    13.230631828     4.782903671     0.000000000   0.000000
            5184    10.156200409     1.598906279     0.000000000   0.000000
            5185    10.290698051     1.009254694     0.000000000   0.000000
            5186    10.254078865     1.300330877     0.000000000   0.000000
            5187     8.260485649     0.317642659     0.000000000   0.000000
            5188     8.122497559     0.534361064     0.000000000   0.000000
            5189    15.643102646    12.180977821     0.000000000   0.000000
            5190    15.772636414    12.472831726     0.000000000   0.000000
            5191    10.877442360     3.117930651     0.000000000   0.000000
            5192    11.061019897     3.394398928     0.000000000   0.000000
            5193    14.485816002    12.253042221     0.000000000   0.000000
            5194    14.548500061    12.524918556     0.000000000   0.000000
            5195    10.795997620    15.205354691     0.000000000   0.000000
            5196     5.472913265    15.567141533     0.000000000   0.000000
            5197     5.592240810    15.815735817     0.000000000   0.000000
            5198     4.025163174     5.470888138     0.000000000   0.000000
            5199     3.982320070     6.024763107     0.000000000   0.000000
            5200     4.019838810     5.745970726     0.000000000   0.000000
            5201    11.863651276     2.252445221     0.000000000   0.000000
            5202     8.023968697     3.957583904     0.000000000   0.000000
            5203     7.784390926     4.000045776     0.000000000   0.000000
            5204     4.348751068    11.890354156     0.000000000   0.000000
            5205     4.137615204    11.724455833     0.000000000   0.000000
            5206    14.159478188    11.947244644     0.000000000   0.000000
            5207    14.398401260    11.713086128     0.000000000   0.000000
            5208    14.416406631    11.972990990     0.000000000   0.000000
            5209    12.784499168     7.002254486     0.000000000   0.000000
            5210    14.770924568     3.526319265     0.000000000   0.000000
            5211     8.904699326     5.076649189     0.000000000   0.000000
            5212     8.706837654     5.495525360     0.000000000   0.000000
            5213     8.961443901     5.349751949     0.000000000   0.000000
            5214     9.578787804    13.935373306     0.000000000   0.000000
            5215     9.198397636    14.189809799     0.000000000   0.000000
            5216     9.496163368    14.204075813     0.000000000   0.000000
            5217    17.231937408    13.779377937     0.000000000   0.000000
            5218     6.837967396     0.355953157     0.000000000   0.000000
            5219     5.272747517     1.314215183     0.000000000   0.000000
            5220     5.574154854     1.846274734     0.000000000   0.000000
            5221     5.433274746     1.577560782     0.000000000   0.000000
            5222     5.973678589     3.930871487     0.000000000   0.000000
            5223    15.349158287     9.915613174     0.000000000   0.000000
            5224     9.544681549    13.661183357     0.000000000   0.000000
            5225     3.751637459     4.687423229     0.000000000   0.000000
            5226     3.469558001     4.816353321     0.000000000   0.000000
            5227    10.250423431     9.322109222     0.000000000   0.000000
            5228     4.033432484     4.859208107     0.000000000   0.000000
            5229     4.039893150     4.546739578     0.000000000   0.000000
            5230    11.481278419    14.420077324     0.000000000   0.000000
            5231     0.341629267     2.713089466     0.000000000   0.000000
            5232     0.285165489     2.974108219     0.000000000   0.000000
            5233    10.480793953     0.743205905     0.000000000   0.000000
            5234    10.187377930     0.766168296     0.000000000   0.000000
            5235     4.031157970     5.167892456     0.000000000   0.000000
            5236     6.773788929    10.303195000     0.000000000   0.000000
            5237     6.638396263    10.043714523     0.000000000   0.000000
            5238     6.476834297    10.280349731     0.000000000   0.000000
            5239     8.223721504    12.267923355     0.000000000   0.000000
            5240     8.091732025    12.000651360     0.000000000   0.000000
            5241     7.963120937    12.285385132     0.000000000   0.000000
            5242     0.999282241     6.644835472     0.000000000   0.000000
            5243    15.597702980    15.516267776     0.000000000   0.000000
            5244    15.806615829    15.833544731     0.000000000   0.000000
            5245    15.865947723    15.525711060     0.000000000   0.000000
            5246     2.459737301     6.678362846     0.000000000   0.000000
            5247     0.963365436     2.618964434     0.000000000   0.000000
            5248     1.319086790     2.676101208     0.000000000   0.000000
            5249     6.403004646     8.677011490     0.000000000   0.000000
            5250     6.246915340     8.514873505     0.000000000   0.000000
            5251     5.877088547     2.143610477     0.000000000   0.000000
            5252     6.022095680     2.590944767     0.000000000   0.000000
            5253     6.144801140     2.309954882     0.000000000   0.000000
            5254    14.084172249    12.994550705     0.000000000   0.000000
            5255     9.419461250    16.409160614     0.000000000   0.000000
            5256     8.912343979    16.254999161     0.000000000   0.000000
            5257     9.129314423    16.511157990     0.000000000   0.000000
            5258    14.265178680    11.414723396     0.000000000   0.000000
            5259    14.526204109    11.496176720     0.000000000   0.000000
            5260    15.738169670    11.680828094     0.000000000   0.000000
            5261    15.528513908    11.898974419     0.000000000   0.000000
            5262    16.117702484     0.433408290     0.000000000   0.000000
            5263    16.025571823     0.225769714     0.000000000   0.000000
            5264     4.736101627    10.615182877     0.000000000   0.000000
            5265    15.877758980     2.543851376     0.000000000   0.000000
            5266    15.295092583     2.170545816     0.000000000   0.000000
            5267    15.585314751     2.388583660     0.000000000   0.000000
            5268     8.143671989    17.246137619     0.000000000   0.000000
            5269     7.129150391    10.053050995     0.000000000   0.000000
            5270     7.086782455    10.304558754     0.000000000   0.000000
            5271     6.727562428    15.034296989     0.000000000   0.000000
            5272     4.052944183     9.748678207     0.000000000   0.000000
            5273    12.957962036    12.788599968     0.000000000   0.000000
            5274    11.846765518    12.384329796     0.000000000   0.000000
            5275    11.808857918    12.630436897     0.000000000   0.000000
            5276    11.238833427    10.227229118     0.000000000   0.000000
            5277     3.412646532     3.491458893     0.000000000   0.000000
            5278    14.000576019    11.320401192     0.000000000   0.000000
            5279     1.557072401     4.195444107     0.000000000   0.000000
            5280     1.554084778     3.919499874     0.000000000   0.000000
            5281    14.483831406    14.570816040     0.000000000   0.000000
            5282     5.769347191     6.094685078     0.000000000   0.000000
            5283     5.762187481     5.826370716     0.000000000   0.000000
            5284    10.824391365    16.564022064     0.000000000   0.000000
            5285    13.895749092     1.636203289     0.000000000   0.000000
            5286    14.169963837     1.864408851     0.000000000   0.000000
            5287     5.336427689     0.676013410     0.000000000   0.000000
            5288     5.468919277     0.339357823     0.000000000   0.000000
            5289    11.147416115     0.882679462     0.000000000   0.000000
            5290    11.517271042     1.030101895     0.000000000   0.000000
            5291    17.265815735     4.679681301     0.000000000   0.000000
            5292    17.263431549     4.356913567     0.000000000   0.000000
            5293     5.239732742     2.225899458     0.000000000   0.000000
            5294     5.550205708     2.174463987     0.000000000   0.000000
            5295     8.895710945    14.215400696     0.000000000   0.000000
            5296    12.277600288    10.767345428     0.000000000   0.000000
            5297    12.002982140    10.770564079     0.000000000   0.000000
            5298     9.966867447     4.157516003     0.000000000   0.000000
            5299     7.505227566     2.706141472     0.000000000   0.000000
            5300     7.716020584     2.546954632     0.000000000   0.000000
            5301     7.687658787     2.808763504     0.000000000   0.000000
            5302     5.575848579     0.919998109     0.000000000   0.000000
            5303     5.272057056     1.001350522     0.000000000   0.000000
            5304     8.000061989     9.494934082     0.000000000   0.000000
            5305    13.552372932    16.625150681     0.000000000   0.000000
            5306     8.498255730    11.911128044     0.000000000   0.000000
            5307     8.317651749    11.748986244     0.000000000   0.000000
            5308     7.121777534    13.831163406     0.000000000   0.000000
            5309     4.865520000    13.994253159     0.000000000   0.000000
            5310    15.037432671     1.877397776     0.000000000   0.000000
            5311     8.863382339    13.108464241     0.000000000   0.000000
            5312     9.454751015    15.334843636     0.000000000   0.000000
            5313     7.395807266     7.292752266     0.000000000   0.000000
            5314     7.732605457     7.381719112     0.000000000   0.000000
            5315     8.525840759     0.299649954     0.000000000   0.000000
            5316    14.457707405     6.058673859     0.000000000   0.000000
            5317    12.854866982    14.722595215     0.000000000   0.000000
            5318     6.627628803     8.867338181     0.000000000   0.000000
            5319     6.817988396     9.029177666     0.000000000   0.000000
            5320    12.505715370    10.996547699     0.000000000   0.000000
            5321    17.222557068     4.987758636     0.000000000   0.000000
            5322     4.627658367    11.963447571     0.000000000   0.000000
            5323     8.641795158     8.753746033     0.000000000   0.000000
            5324     5.211632729    15.434342384     0.000000000   0.000000
            5325     7.607281208    16.145328522     0.000000000   0.000000
            5326     7.758962154    15.902190208     0.000000000   0.000000
            5327     8.424352646     5.337517262     0.000000000   0.000000
            5328     8.433730125     5.659684181     0.000000000   0.000000
            5329     3.101021051    13.009985924     0.000000000   0.000000
            5330    16.171295166     7.232985973     0.000000000   0.000000
            5331    16.457614899     7.266816139     0.000000000   0.000000
            5332    11.443355560     7.824667454     0.000000000   0.000000
            5333    11.317963600     6.568288803     0.000000000   0.000000
            5334     5.757106304     9.145275116     0.000000000   0.000000
            5335    11.556569099    11.381739616     0.000000000   0.000000
            5336     8.254658699     4.102380753     0.000000000   0.000000
            5337     5.605828762     8.332068443     0.000000000   0.000000
            5338    11.943881989     4.047213078     0.000000000   0.000000
            5339     9.975157738     1.897905707     0.000000000   0.000000
            5340    15.592225075     8.114687920     0.000000000   0.000000
            5341    14.549062729    16.023241043     0.000000000   0.000000
            5342    14.265221596    15.955567360     0.000000000   0.000000
            5343    16.303575516     4.135479927     0.000000000   0.000000
            5344    16.109228134    13.760219574     0.000000000   0.000000
            5345     8.679885864     1.797476172     0.000000000   0.000000
            5346     6.212885380     7.474056721     0.000000000   0.000000
            5347     8.500543594    12.175354004     0.000000000   0.000000
            5348     0.617058575     2.627332687     0.000000000   0.000000
            5349    10.806323051     0.801881552     0.000000000   0.000000
            5350    16.536685944     5.602748871     0.000000000   0.000000
            5351     3.884838820     6.274887085     0.000000000   0.000000
            5352    16.529092789    14.686168671     0.000000000   0.000000
            5353     7.667708397     2.274625778     0.000000000   0.000000
            5354     5.346744537    16.524593353     0.000000000   0.000000
            5355     6.904674530     9.868041992     0.000000000   0.000000
            5356     6.340416908    12.807220459     0.000000000   0.000000
            5357     8.668777466    16.038269043     0.000000000   0.000000
            5358    12.076738358    12.269691467     0.000000000   0.000000
            5359    15.440288544    15.294565201     0.000000000   0.000000
            5360    17.312944412     0.821710408     0.000000000   0.000000
            5361    16.085103989     2.576018333     0.000000000   0.000000
            5362    16.777626038     1.206004381     0.000000000   0.000000
            5363    17.340961456     2.782372713     0.000000000   0.000000
            5364    16.712574005     2.796998978     0.000000000   0.000000
            5365    15.572311401     4.470204830     0.000000000   0.000000
            5366    17.315521240     3.524824858     0.000000000   0.000000
            5367    17.293575287     6.172846794     0.000000000   0.000000
            5368    16.126245499     0.597531676     0.000000000   0.000000
            5369    14.352942467     0.245644376     0.000000000   0.000000
            5370    14.558131218     0.198829636     0.000000000   0.000000
            5371    14.132679939     0.201416746     0.000000000   0.000000
            5372    13.654456139     1.589791656     0.000000000   0.000000
            5373    13.217924118     0.302081436     0.000000000   0.000000
            5374    13.372816086     0.187977090     0.000000000   0.000000
            5375    12.045719147     0.250186145     0.000000000   0.000000
            5376    13.076829910     0.500001490     0.000000000   0.000000
            5377     1.220253587     5.543466091     0.000000000   0.000000
            5378     0.215589985     4.168863297     0.000000000   0.000000
            5379     1.476179123     4.385115147     0.000000000   0.000000
            5380     8.561387062     4.970639229     0.000000000   0.000000
            5381     8.401047707     5.101820469     0.000000000   0.000000
            5382     8.238632202     6.704090595     0.000000000   0.000000
            5383     7.183893204     3.686966658     0.000000000   0.000000
            5384     5.909710884     2.787797689     0.000000000   0.000000
            5385     5.868326664     6.275416374     0.000000000   0.000000
            5386     4.998211384     2.206910372     0.000000000   0.000000
            5387     4.149864674     1.310921550     0.000000000   0.000000
            5388     3.150271654     2.341762304     0.000000000   0.000000
            5389     4.354526043     0.128387541     0.000000000   0.000000
            5390     5.838345528     0.873361707     0.000000000   0.000000
            5391     7.347992420     2.660816431     0.000000000   0.000000
            5392     8.932862282     3.825043917     0.000000000   0.000000
            5393     8.750391960     4.902328968     0.000000000   0.000000
            5394     7.426859856     0.807593226     0.000000000   0.000000
            5395    10.799852371     2.924846411     0.000000000   0.000000
            5396    11.646883011     5.285784721     0.000000000   0.000000
            5397    12.970702171     5.251402378     0.000000000   0.000000
            5398     9.340709686     0.841149807     0.000000000   0.000000
            5399     9.689790726     0.186340883     0.000000000   0.000000
            5400    15.800363541    16.095682144     0.000000000   0.000000
            5401    16.553825378    15.896241188     0.000000000   0.000000
            5402    16.520917892    17.328435898     0.000000000   0.000000
            5403    14.737284660    16.105125427     0.000000000   0.000000
            5404    13.749833107    14.863874435     0.000000000   0.000000
            5405    12.563521385    15.967206001     0.000000000   0.000000
            5406     3.709375620    15.784999847     0.000000000   0.000000
            5407     7.453790665    16.290365219     0.000000000   0.000000
            5408     6.325543404    16.599729538     0.000000000   0.000000
            5409     4.382420540    17.192501068     0.000000000   0.000000
            5410     5.142033577    17.292348862     0.000000000   0.000000
            5411     9.567708015    16.253299713     0.000000000   0.000000
            5412    13.983912468    11.977280617     0.000000000   0.000000
            5413    14.528222084    10.534142494     0.000000000   0.000000
            5414    15.110421181    10.699428558     0.000000000   0.000000
            5415    16.723396301     8.612702370     0.000000000   0.000000
            5416    16.659662247    11.542394638     0.000000000   0.000000
            5417    15.922469139    11.549256325     0.000000000   0.000000
            5418     2.249767542    11.768234253     0.000000000   0.000000
            5419     2.338381767    12.489028931     0.000000000   0.000000
            5420    10.785845757    13.121634483     0.000000000   0.000000
            5421    11.361621857    11.930017471     0.000000000   0.000000
            5422    14.876338005     8.821797371     0.000000000   0.000000
            5423    14.243478775     8.461652756     0.000000000   0.000000
            5424    15.978615761     7.134260178     0.000000000   0.000000
            5425    10.953200340    10.807188034     0.000000000   0.000000
            5426    13.022561073     9.418934822     0.000000000   0.000000
            5427    13.820528984     7.827775002     0.000000000   0.000000
            5428     5.643252850    13.741407394     0.000000000   0.000000
            5429     6.057336330    11.955420494     0.000000000   0.000000
            5430     8.923181534     9.818718910     0.000000000   0.000000
            5431     9.399197578     8.295093536     0.000000000   0.000000
            5432     5.052801132     7.228491783     0.000000000   0.000000
            5433     3.122879028     8.902952194     0.000000000   0.000000
            5434     7.145210743     7.240206242     0.000000000   0.000000
            5435     6.478920937     8.815833092     0.000000000   0.000000
            5436     3.666329145    13.736085892     0.000000000   0.000000
            5437     5.119786739    12.664126396     0.000000000   0.000000
            5438     8.058622360     8.338041306     0.000000000   0.000000
            5439     7.557794094     8.876747131     0.000000000   0.000000
 
